-- phpMyAdmin SQL Dump
-- version 4.4.11
-- http://www.phpmyadmin.net
--
-- Host: localhost
-- Generation Time: Aug 12, 2015 at 09:44 PM
-- Server version: 5.6.25
-- PHP Version: 5.5.20

SET SQL_MODE = "NO_AUTO_VALUE_ON_ZERO";
SET time_zone = "+00:00";


/*!40101 SET @OLD_CHARACTER_SET_CLIENT=@@CHARACTER_SET_CLIENT */;
/*!40101 SET @OLD_CHARACTER_SET_RESULTS=@@CHARACTER_SET_RESULTS */;
/*!40101 SET @OLD_COLLATION_CONNECTION=@@COLLATION_CONNECTION */;
/*!40101 SET NAMES utf8mb4 */;

--
-- Database: `suggestr`
--

-- --------------------------------------------------------

--
-- Table structure for table `Action`
--

CREATE TABLE IF NOT EXISTS `Action` (
  `id` int(11) NOT NULL,
  `major` text NOT NULL,
  `year` text NOT NULL,
  `course_id` int(11) NOT NULL,
  `choice` int(1) NOT NULL,
  `POST` text NOT NULL,
  `session_id` int(11) NOT NULL
) ENGINE=InnoDB AUTO_INCREMENT=587 DEFAULT CHARSET=latin1;

--
-- Dumping data for table `Action`
--

INSERT INTO `Action` (`id`, `major`, `year`, `course_id`, `choice`, `POST`, `session_id`) VALUES
(1, 'Computer Science', 'Freshman', 0, 0, '', 519),
(2, 'Computer Science', 'Freshman', 0, 1, '', 519),
(3, 'Computer Science', 'Freshman', 36001, 2, '', 536),
(4, 'Computer Science', 'Freshman', 36032, 2, '', 536),
(5, 'Computer Science', 'Freshman', 36675, 2, '', 536),
(6, 'Computer Science', 'Freshman', 36124, 2, '', 536),
(7, 'Computer Science', 'Freshman', 36675, 2, '', 536),
(8, 'Computer Science', 'Freshman', 35641, 2, '', 536),
(9, 'Computer Science', 'Freshman', 36675, 2, '', 536),
(10, 'Computer Science', 'Freshman', 36675, 2, '', 536),
(11, 'Computer Science', 'Freshman', 35879, 2, '', 536),
(12, 'Computer Science', 'Freshman', 36037, 2, '', 536),
(13, 'Computer Science', 'Freshman', 36047, 2, '', 536),
(14, 'Computer Science', 'Freshman', 36266, 2, '', 536),
(15, 'Computer Science', 'Freshman', 36299, 2, '', 536),
(16, 'Computer Science', 'Freshman', 35825, 1, '', 536),
(17, 'Computer Science', 'Freshman', 35546, 1, '', 536),
(18, 'Computer Science', 'Freshman', 35580, 1, '', 536),
(19, 'Computer Science', 'Freshman', 36570, 1, '', 536),
(20, 'Computer Science', 'Freshman', 36682, 1, '', 536),
(21, 'Computer Science', 'Freshman', 36201, 1, '', 536),
(22, 'Computer Science', 'Freshman', 35568, 1, '', 536),
(23, 'Computer Science', 'Freshman', 35568, 1, '', 536),
(24, 'Computer Science', 'Freshman', 36207, 1, '', 536),
(25, 'Computer Science', 'Freshman', 35580, 1, '', 536),
(26, 'Computer Science', 'Freshman', 36299, 1, '', 536),
(27, 'Computer Science', 'Freshman', 35685, 1, '', 536),
(28, 'Computer Science', 'Freshman', 36699, 1, '', 536),
(29, 'Computer Science', 'Freshman', 36632, 1, '', 536),
(30, 'Computer Science', 'Freshman', 36709, 1, '', 536),
(31, 'Computer Science', 'Freshman', 35878, 1, '', 536),
(32, 'Computer Science', 'Freshman', 36692, 1, '', 536),
(33, 'Computer Science', 'Freshman', 36636, 1, '', 536),
(34, 'Computer Science', 'Freshman', 35685, 1, '', 536),
(35, 'Computer Science', 'Freshman', 35825, 1, '', 536),
(36, 'Computer Science', 'Freshman', 36201, 1, '', 536),
(37, 'Computer Science', 'Freshman', 36692, 1, '', 536),
(38, 'Computer Science', 'Freshman', 35758, 1, '', 536),
(39, 'Computer Science', 'Freshman', 35825, 1, '', 536),
(40, 'Computer Science', 'Freshman', 36037, 1, '', 536),
(41, 'Computer Science', 'Freshman', 36234, 1, '', 536),
(42, 'Computer Science', 'Freshman', 35524, 1, '', 536),
(43, 'Computer Science', 'Freshman', 36113, 1, '', 536),
(44, 'Computer Science', 'Freshman', 36234, 1, '', 536),
(45, 'Computer Science', 'Freshman', 36234, 1, '', 536),
(46, 'Computer Science', 'Freshman', 36683, 1, '', 536),
(47, 'Computer Science', 'Freshman', 35483, 0, '', 537),
(48, 'Computer Science', 'Freshman', 36236, 2, '', 537),
(49, 'Computer Science', 'Freshman', 36221, 2, '', 537),
(50, 'Computer Science', 'Freshman', 36139, 2, '', 537),
(51, 'Computer Science', 'Freshman', 36139, 2, '', 537),
(52, 'Computer Science', 'Freshman', 36032, 2, '', 537),
(53, 'Computer Science', 'Freshman', 36032, 2, '', 537),
(54, 'Computer Science', 'Freshman', 36675, 2, '', 537),
(55, 'Computer Science', 'Freshman', 36699, 2, '', 537),
(56, 'Computer Science', 'Freshman', 35524, 2, '', 537),
(57, 'Computer Science', 'Freshman', 35568, 2, '', 537),
(58, 'Computer Science', 'Freshman', 36195, 2, '', 537),
(59, 'Computer Science', 'Freshman', 35873, 0, '', 537),
(60, 'Computer Science', 'Freshman', 36001, 2, '', 537),
(61, 'Computer Science', 'Freshman', 36570, 2, '', 537),
(62, 'Computer Science', 'Freshman', 36113, 2, '', 537),
(63, 'Computer Science', 'Freshman', 36575, 2, '', 537),
(64, 'Computer Science', 'Freshman', 35944, 2, '', 537),
(65, 'Computer Science', 'Freshman', 35758, 2, '', 537),
(66, 'Computer Science', 'Freshman', 35825, 2, '', 537),
(67, 'Computer Science', 'Freshman', 35950, 2, '', 537),
(68, 'Computer Science', 'Freshman', 36207, 2, '', 537),
(69, 'Computer Science', 'Freshman', 36087, 2, '', 537),
(70, 'Computer Science', 'Freshman', 35437, 2, '', 537),
(71, 'Computer Science', 'Freshman', 36201, 2, '', 537),
(72, 'Computer Science', 'Freshman', 36266, 2, '', 537),
(73, 'Computer Science', 'Freshman', 36087, 2, '', 537),
(74, 'Computer Science', 'Freshman', 35437, 2, '', 537),
(75, 'Computer Science', 'Freshman', 36299, 2, '', 537),
(76, 'Computer Science', 'Freshman', 36201, 2, '', 537),
(77, 'Computer Science', 'Freshman', 35524, 2, '', 537),
(78, 'Computer Science', 'Freshman', 35879, 2, '', 537),
(79, 'Computer Science', 'Freshman', 35568, 2, '', 537),
(80, 'Computer Science', 'Freshman', 36037, 2, '', 537),
(81, 'Computer Science', 'Freshman', 35825, 2, '', 537),
(82, 'Computer Science', 'Freshman', 36299, 2, '', 537),
(83, 'Computer Science', 'Freshman', 35524, 2, '', 537),
(84, 'Computer Science', 'Freshman', 35568, 2, '', 537),
(85, 'Computer Science', 'Freshman', 35825, 2, '', 537),
(86, 'Computer Science', 'Freshman', 36037, 2, '', 537),
(87, 'Computer Science', 'Freshman', 35524, 2, '', 537),
(88, 'Computer Science', 'Freshman', 35825, 2, '', 537),
(89, 'Computer Science', 'Freshman', 35825, 2, '', 537),
(90, 'Computer Science', 'Freshman', 35825, 2, '', 537),
(91, 'Computer Science', 'Freshman', 36698, 2, '', 537),
(92, 'Computer Science', 'Freshman', 35520, 2, '', 537),
(93, 'Computer Science', 'Freshman', 35537, 2, '', 537),
(94, 'Computer Science', 'Freshman', 36271, 2, '', 537),
(95, 'Computer Science', 'Freshman', 35515, 2, '', 537),
(96, 'Computer Science', 'Freshman', 35540, 2, '', 537),
(97, 'Computer Science', 'Freshman', 36154, 2, '', 537),
(98, 'Computer Science', 'Freshman', 36275, 2, '', 537),
(99, 'Computer Science', 'Freshman', 36732, 2, '', 537),
(100, 'Computer Science', 'Freshman', 36015, 2, '', 537),
(101, 'Computer Science', 'Freshman', 35940, 2, '', 537),
(102, 'Computer Science', 'Freshman', 35596, 2, '', 537),
(103, 'Computer Science', 'Freshman', 35563, 2, '', 537),
(104, 'Computer Science', 'Freshman', 35468, 2, '', 537),
(105, 'Computer Science', 'Freshman', 35515, 2, '', 537),
(106, 'Computer Science', 'Freshman', 36271, 2, '', 537),
(107, 'Computer Science', 'Freshman', 35563, 2, '', 537),
(108, 'Computer Science', 'Freshman', 36154, 2, '', 537),
(109, 'Computer Science', 'Freshman', 35596, 2, '', 537),
(110, 'Computer Science', 'Freshman', 35537, 2, '', 537),
(111, 'Computer Science', 'Freshman', 35940, 2, '', 537),
(112, 'Computer Science', 'Freshman', 35563, 2, '', 537),
(113, 'Computer Science', 'Freshman', 35537, 2, '', 537),
(114, 'Computer Science', 'Freshman', 36154, 2, '', 537),
(115, 'Computer Science', 'Freshman', 35940, 2, '', 537),
(116, 'Computer Science', 'Freshman', 35537, 2, '', 537),
(117, 'Computer Science', 'Freshman', 35940, 2, '', 537),
(118, 'Computer Science', 'Freshman', 35940, 2, '', 537),
(119, 'Computer Science', 'Freshman', 36582, 2, '', 537),
(120, 'Computer Science', 'Freshman', 36316, 0, '', 537),
(121, 'Computer Science', 'Freshman', 35641, 2, '', 537),
(122, 'Computer Science', 'Freshman', 36159, 2, '', 537),
(123, 'Computer Science', 'Freshman', 36076, 2, '', 537),
(124, 'Computer Science', 'Freshman', 35834, 2, '', 537),
(125, 'Computer Science', 'Freshman', 35538, 2, '', 537),
(126, 'Computer Science', 'Freshman', 35678, 2, '', 537),
(127, 'Computer Science', 'Freshman', 35611, 2, '', 537),
(128, 'Computer Science', 'Freshman', 35709, 2, '', 537),
(129, 'Computer Science', 'Freshman', 35672, 2, '', 537),
(130, 'Computer Science', 'Freshman', 35908, 2, '', 537),
(131, 'Computer Science', 'Freshman', 35595, 2, '', 537),
(132, 'Computer Science', 'Freshman', 36194, 2, '', 537),
(133, 'Computer Science', 'Freshman', 35779, 2, '', 537),
(134, 'Computer Science', 'Freshman', 35565, 2, '', 537),
(135, 'Computer Science', 'Freshman', 35753, 2, '', 537),
(136, 'Computer Science', 'Freshman', 35849, 2, '', 537),
(137, 'Computer Science', 'Freshman', 36151, 0, '', 537),
(138, 'Physics', 'Freshman', 35505, 0, '', 538),
(139, 'Physics', 'Freshman', 35952, 2, '', 538),
(140, 'Physics', 'Freshman', 35447, 2, '', 538),
(141, 'Physics', 'Freshman', 35790, 2, '', 538),
(142, 'Physics', 'Freshman', 35702, 2, '', 538),
(143, 'Physics', 'Freshman', 35857, 2, '', 538),
(144, 'Physics', 'Freshman', 35790, 2, '', 538),
(145, 'Physics', 'Freshman', 35702, 2, '', 538),
(146, 'Physics', 'Freshman', 35790, 2, '', 538),
(147, 'Physics', 'Freshman', 35790, 2, '', 538),
(148, 'Physics', 'Freshman', 36694, 2, '', 538),
(149, 'Physics', 'Freshman', 35628, 2, '', 538),
(150, 'Physics', 'Freshman', 36700, 2, '', 538),
(151, 'Physics', 'Freshman', 36005, 2, '', 538),
(152, 'Physics', 'Freshman', 35628, 2, '', 538),
(153, 'Physics', 'Freshman', 36005, 2, '', 538),
(154, 'Physics', 'Freshman', 35628, 2, '', 538),
(155, 'Physics', 'Freshman', 35628, 2, '', 538),
(156, 'Physics', 'Freshman', 35902, 2, '', 538),
(157, 'Physics', 'Freshman', 35478, 2, '', 538),
(158, 'Physics', 'Freshman', 36156, 2, '', 538),
(159, 'Physics', 'Freshman', 36017, 2, '', 538),
(160, 'Physics', 'Freshman', 36166, 2, '', 538),
(161, 'Physics', 'Freshman', 35505, 0, '', 539),
(162, 'Physics', 'Freshman', 36040, 2, '', 539),
(163, 'Physics', 'Freshman', 35687, 2, '', 539),
(164, 'Physics', 'Freshman', 35843, 2, '', 539),
(165, 'Physics', 'Freshman', 35447, 2, '', 539),
(166, 'Physics', 'Freshman', 35857, 2, '', 539),
(167, 'Physics', 'Freshman', 35702, 2, '', 539),
(168, 'Physics', 'Freshman', 35857, 2, '', 539),
(169, 'Physics', 'Freshman', 35857, 2, '', 539),
(170, 'Physics', 'Freshman', 35790, 2, '', 539),
(171, 'Physics', 'Freshman', 36685, 2, '', 539),
(172, 'Physics', 'Freshman', 35578, 2, '', 539),
(173, 'Physics', 'Freshman', 36685, 2, '', 539),
(174, 'Physics', 'Freshman', 35578, 2, '', 539),
(175, 'Physics', 'Freshman', 36685, 2, '', 539),
(176, 'Physics', 'Freshman', 35578, 2, '', 539),
(177, 'Physics', 'Freshman', 36685, 2, '', 539),
(178, 'Physics', 'Freshman', 35628, 2, '', 539),
(179, 'Physics', 'Freshman', 35698, 2, '', 539),
(180, 'Physics', 'Freshman', 35611, 2, '', 539),
(181, 'Physics', 'Freshman', 35721, 0, '', 539),
(182, 'Physics', 'Freshman', 35672, 2, '', 539),
(183, 'Physics', 'Freshman', 35430, 2, '', 539),
(184, 'Physics', 'Freshman', 36020, 2, '', 539),
(185, 'Physics', 'Freshman', 35716, 2, '', 539),
(186, 'Physics', 'Freshman', 35538, 2, '', 539),
(187, 'Physics', 'Freshman', 35823, 2, '', 539),
(188, 'Physics', 'Freshman', 35766, 2, '', 539),
(189, 'Physics', 'Freshman', 35616, 2, '', 539),
(190, 'Physics', 'Freshman', 35497, 0, '', 539),
(191, 'Physics', 'Freshman', 35672, 2, '', 539),
(192, 'Physics', 'Freshman', 36080, 2, '', 539),
(193, 'Physics', 'Freshman', 35500, 2, '', 539),
(194, 'Physics', 'Freshman', 35997, 2, '', 539),
(195, 'Physics', 'Freshman', 36001, 2, '', 539),
(196, 'Physics', 'Freshman', 36308, 2, '', 539),
(197, 'Physics', 'Freshman', 36031, 2, '', 539),
(198, 'Physics', 'Freshman', 35678, 2, '', 539),
(199, 'Physics', 'Freshman', 35565, 2, '', 539),
(200, 'Physics', 'Freshman', 35834, 2, '', 539),
(201, 'Physics', 'Freshman', 36369, 2, '', 539),
(202, 'Physics', 'Freshman', 35709, 2, '', 539),
(203, 'Physics', 'Freshman', 36726, 2, '', 539),
(204, 'Physics', 'Freshman', 36335, 2, '', 539),
(205, 'Physics', 'Freshman', 35753, 2, '', 539),
(206, 'Physics', 'Freshman', 35595, 2, '', 539),
(207, 'Physics', 'Freshman', 36053, 2, '', 539),
(208, 'Physics', 'Freshman', 36332, 2, '', 539),
(209, 'Physics', 'Freshman', 36120, 2, '', 539),
(210, 'Physics', 'Freshman', 36145, 2, '', 539),
(211, 'Physics', 'Freshman', 36697, 2, '', 539),
(212, 'Physics', 'Freshman', 35586, 2, '', 539),
(213, 'Physics', 'Freshman', 36254, 2, '', 539),
(214, 'Physics', 'Freshman', 36395, 2, '', 539),
(215, 'Physics', 'Freshman', 35466, 2, '', 539),
(216, 'Physics', 'Freshman', 35681, 2, '', 539),
(217, 'Physics', 'Freshman', 35698, 2, '', 539),
(218, 'Physics', 'Freshman', 35565, 2, '', 539),
(219, 'Physics', 'Freshman', 35611, 2, '', 539),
(220, 'Physics', 'Freshman', 35997, 2, '', 539),
(221, 'Physics', 'Freshman', 35430, 2, '', 539),
(222, 'Physics', 'Freshman', 35766, 2, '', 539),
(223, 'Physics', 'Freshman', 36308, 2, '', 539),
(224, 'Physics', 'Freshman', 35595, 2, '', 539),
(225, 'Physics', 'Freshman', 35681, 2, '', 539),
(226, 'Physics', 'Freshman', 35500, 2, '', 539),
(227, 'Physics', 'Freshman', 35538, 2, '', 539),
(228, 'Physics', 'Freshman', 36395, 2, '', 539),
(229, 'Physics', 'Freshman', 36031, 2, '', 539),
(230, 'Physics', 'Freshman', 36020, 2, '', 539),
(231, 'Physics', 'Freshman', 36120, 2, '', 539),
(232, 'Physics', 'Freshman', 35834, 2, '', 539),
(233, 'Physics', 'Freshman', 36332, 2, '', 539),
(234, 'Physics', 'Freshman', 35611, 2, '', 539),
(235, 'Physics', 'Freshman', 35681, 2, '', 539),
(236, 'Physics', 'Freshman', 35766, 2, '', 539),
(237, 'Physics', 'Freshman', 36308, 2, '', 539),
(238, 'Physics', 'Freshman', 35430, 2, '', 539),
(239, 'Physics', 'Freshman', 35565, 2, '', 539),
(240, 'Physics', 'Freshman', 35834, 2, '', 539),
(241, 'Physics', 'Freshman', 35698, 2, '', 539),
(242, 'Physics', 'Freshman', 35500, 2, '', 539),
(243, 'Physics', 'Freshman', 35565, 2, '', 539),
(244, 'Physics', 'Freshman', 35834, 2, '', 539),
(245, 'Physics', 'Freshman', 35698, 2, '', 539),
(246, 'Physics', 'Freshman', 36308, 2, '', 539),
(247, 'Physics', 'Freshman', 35834, 2, '', 539),
(248, 'Physics', 'Freshman', 36308, 2, '', 539),
(249, 'Physics', 'Freshman', 35834, 2, '', 539),
(250, 'Physics', 'Freshman', 35834, 2, '', 539),
(251, 'Physics', 'Freshman', 36258, 2, '', 539),
(252, 'Physics', 'Freshman', 35821, 2, '', 539),
(253, 'Physics', 'Freshman', 36060, 2, '', 539),
(254, 'Physics', 'Freshman', 36088, 2, '', 539),
(255, 'Physics', 'Freshman', 35794, 2, '', 539),
(256, 'Physics', 'Freshman', 35699, 2, '', 539),
(257, 'Physics', 'Freshman', 36115, 2, '', 539),
(258, 'Physics', 'Freshman', 36370, 2, '', 539),
(259, 'Physics', 'Freshman', 36374, 2, '', 539),
(260, 'Physics', 'Freshman', 36289, 2, '', 539),
(261, 'Physics', 'Freshman', 36375, 2, '', 539),
(262, 'Chemistry', 'Freshman', 35717, 0, '', 540),
(263, 'Chemistry', 'Freshman', 35717, 0, '', 540),
(264, 'Chemistry', 'Freshman', 35717, 2, '', 540),
(265, 'Chemistry', 'Freshman', 36280, 1, '', 540),
(266, 'Computer Science', 'Freshman', 36001, 2, '', 544),
(267, 'Computer Science', 'Freshman', 35641, 2, '', 544),
(268, 'Computer Science', 'Freshman', 35483, 0, '', 544),
(269, 'Computer Science', 'Freshman', 36236, 2, '', 544),
(270, 'Computer Science', 'Freshman', 36221, 2, '', 544),
(271, 'Computer Science', 'Freshman', 36221, 2, '', 544),
(272, 'Computer Science', 'Freshman', 36032, 2, '', 544),
(273, 'Computer Science', 'Freshman', 36675, 2, '', 544),
(274, 'Computer Science', 'Freshman', 35873, 2, '', 544),
(275, 'Computer Science', 'Freshman', 35685, 2, '', 544),
(276, 'Computer Science', 'Freshman', 36636, 2, '', 544),
(277, 'Computer Science', 'Freshman', 35956, 2, '', 544),
(278, 'Computer Science', 'Freshman', 36692, 2, '', 544),
(279, 'Computer Science', 'Freshman', 36001, 2, '', 546),
(280, 'Computer Science', 'Freshman', 35725, 2, '', 546),
(281, 'Computer Science', 'Freshman', 36124, 2, '', 546),
(282, 'Computer Science', 'Freshman', 36139, 2, '', 546),
(283, 'Computer Science', 'Freshman', 36139, 2, '', 546),
(284, 'Computer Science', 'Freshman', 36032, 2, '', 546),
(285, 'Computer Science', 'Freshman', 36032, 2, '', 546),
(286, 'Computer Science', 'Freshman', 36675, 2, '', 546),
(287, 'Computer Science', 'Freshman', 35654, 2, '', 546),
(288, 'Computer Science', 'Freshman', 35546, 2, '', 546),
(289, 'Computer Science', 'Freshman', 35580, 2, '', 546),
(290, 'Computer Science', 'Freshman', 36709, 2, '', 546),
(291, 'Computer Science', 'Freshman', 35873, 2, '', 546),
(292, 'Computer Science', 'Freshman', 36234, 2, '', 546),
(293, 'Computer Science', 'Freshman', 35944, 2, '', 546),
(294, 'Computer Science', 'Freshman', 36047, 2, '', 546),
(295, 'Computer Science', 'Freshman', 35956, 2, '', 546),
(296, 'Computer Science', 'Freshman', 36113, 2, '', 546),
(297, 'Computer Science', 'Freshman', 36195, 2, '', 546),
(298, 'Computer Science', 'Freshman', 35546, 2, '', 546),
(299, 'Computer Science', 'Freshman', 36207, 2, '', 546),
(300, 'Computer Science', 'Freshman', 35758, 2, '', 546),
(301, 'Computer Science', 'Freshman', 36236, 0, '', 546),
(302, 'Computer Science', 'Freshman', 35483, 2, '', 546),
(303, 'Computer Science', 'Freshman', 36575, 2, '', 546),
(304, 'Computer Science', 'Freshman', 35956, 2, '', 546),
(305, 'Computer Science', 'Freshman', 36047, 2, '', 546),
(306, 'Computer Science', 'Freshman', 35437, 2, '', 546),
(307, 'Computer Science', 'Freshman', 36087, 2, '', 546),
(308, 'Computer Science', 'Freshman', 36113, 2, '', 546),
(309, 'Computer Science', 'Freshman', 35944, 2, '', 546),
(310, 'Computer Science', 'Freshman', 35758, 2, '', 546),
(311, 'Computer Science', 'Freshman', 35641, 2, '', 546),
(312, 'Computer Science', 'Freshman', 35568, 2, '', 546),
(313, 'Computer Science', 'Freshman', 35437, 2, '', 546),
(314, 'Computer Science', 'Freshman', 36037, 2, '', 546),
(315, 'Computer Science', 'Freshman', 35956, 2, '', 546),
(316, 'Computer Science', 'Freshman', 35758, 2, '', 546),
(317, 'Computer Science', 'Freshman', 35437, 2, '', 546),
(318, 'Computer Science', 'Freshman', 35758, 2, '', 546),
(319, 'Computer Science', 'Freshman', 35568, 2, '', 546),
(320, 'Computer Science', 'Freshman', 35758, 2, '', 546),
(321, 'Computer Science', 'Freshman', 35758, 2, '', 546),
(322, 'Computer Science', 'Freshman', 35758, 2, '', 546),
(323, 'Computer Science', 'Freshman', 36316, 0, '', 546),
(324, 'Computer Science', 'Freshman', 36047, 2, '', 546),
(325, 'Computer Science', 'Freshman', 35430, 0, '', 546),
(326, 'Computer Science', 'Freshman', 36234, 2, '', 546),
(327, 'Computer Science', 'Freshman', 36020, 2, '', 546),
(328, 'Computer Science', 'Freshman', 36053, 2, '', 546),
(329, 'Computer Science', 'Freshman', 35505, 2, '', 546),
(330, 'Computer Science', 'Freshman', 35616, 2, '', 546),
(331, 'Computer Science', 'Freshman', 36308, 2, '', 546),
(332, 'Computer Science', 'Freshman', 35497, 2, '', 546),
(333, 'Computer Science', 'Freshman', 36394, 2, '', 546),
(334, 'Computer Science', 'Freshman', 36395, 2, '', 546),
(335, 'Computer Science', 'Freshman', 35586, 2, '', 546),
(336, 'Computer Science', 'Freshman', 36206, 2, '', 546),
(337, 'Computer Science', 'Freshman', 35772, 2, '', 546),
(338, 'Computer Science', 'Freshman', 36145, 2, '', 546),
(339, 'Computer Science', 'Freshman', 36335, 2, '', 546),
(340, 'Computer Science', 'Freshman', 35766, 2, '', 546),
(341, 'Computer Science', 'Freshman', 35900, 2, '', 546),
(342, 'Computer Science', 'Freshman', 35486, 2, '', 546),
(343, 'Computer Science', 'Freshman', 35952, 0, '', 546),
(344, 'Computer Science', 'Freshman', 36236, 0, '', 547),
(345, 'Computer Science', 'Freshman', 35483, 2, '', 547),
(346, 'Computer Science', 'Freshman', 35725, 2, '', 547),
(347, 'Computer Science', 'Freshman', 35725, 2, '', 547),
(348, 'Computer Science', 'Freshman', 36221, 2, '', 547),
(349, 'Computer Science', 'Freshman', 36139, 2, '', 547),
(350, 'Computer Science', 'Freshman', 36032, 2, '', 547),
(351, 'Computer Science', 'Freshman', 36675, 2, '', 547),
(352, 'Computer Science', 'Freshman', 36632, 2, '', 547),
(353, 'Computer Science', 'Freshman', 35444, 2, '', 547),
(354, 'Computer Science', 'Freshman', 35593, 2, '', 547),
(355, 'Computer Science', 'Freshman', 35444, 2, '', 547),
(356, 'Computer Science', 'Freshman', 36636, 2, '', 547),
(357, 'Computer Science', 'Freshman', 35950, 2, '', 547),
(358, 'Computer Science', 'Freshman', 35654, 2, '', 547),
(359, 'Computer Science', 'Freshman', 35580, 2, '', 547),
(360, 'Computer Science', 'Freshman', 35873, 0, '', 547),
(361, 'Computer Science', 'Freshman', 35641, 2, '', 547),
(362, 'Computer Science', 'Freshman', 36699, 2, '', 547),
(363, 'Computer Science', 'Freshman', 35654, 2, '', 547),
(364, 'Computer Science', 'Freshman', 35950, 2, '', 547),
(365, 'Computer Science', 'Freshman', 36195, 2, '', 547),
(366, 'Computer Science', 'Freshman', 36636, 2, '', 547),
(367, 'Computer Science', 'Freshman', 36699, 2, '', 547),
(368, 'Computer Science', 'Freshman', 35879, 2, '', 547),
(369, 'Computer Science', 'Freshman', 36266, 2, '', 547),
(370, 'Computer Science', 'Freshman', 35950, 2, '', 547),
(371, 'Computer Science', 'Freshman', 35944, 2, '', 547),
(372, 'Computer Science', 'Freshman', 36699, 2, '', 547),
(373, 'Computer Science', 'Freshman', 36195, 2, '', 547),
(374, 'Computer Science', 'Freshman', 36266, 2, '', 547),
(375, 'Computer Science', 'Freshman', 35944, 2, '', 547),
(376, 'Computer Science', 'Freshman', 36047, 2, '', 547),
(377, 'Computer Science', 'Freshman', 35956, 2, '', 547),
(378, 'Computer Science', 'Freshman', 35524, 2, '', 547),
(379, 'Computer Science', 'Freshman', 36266, 2, '', 547),
(380, 'Computer Science', 'Freshman', 36047, 2, '', 547),
(381, 'Computer Science', 'Freshman', 35524, 2, '', 547),
(382, 'Computer Science', 'Freshman', 35568, 2, '', 547),
(383, 'Computer Science', 'Freshman', 35524, 2, '', 547),
(384, 'Computer Science', 'Freshman', 36047, 2, '', 547),
(385, 'Computer Science', 'Freshman', 36047, 2, '', 547),
(386, 'Computer Science', 'Freshman', 36047, 2, '', 547),
(387, 'Computer Science', 'Freshman', 36047, 2, '', 547),
(388, 'Computer Science', 'Freshman', 36316, 0, '', 547),
(389, 'Computer Science', 'Freshman', 36001, 2, '', 547),
(390, 'Computer Science', 'Freshman', 35952, 0, '', 547),
(391, 'Computer Science', 'Freshman', 36236, 0, '', 549),
(392, 'Computer Science', 'Freshman', 35483, 2, '', 549),
(393, 'Computer Science', 'Freshman', 36124, 2, '', 549),
(394, 'Computer Science', 'Freshman', 36124, 2, '', 549),
(395, 'Computer Science', 'Freshman', 36221, 2, '', 549),
(396, 'Computer Science', 'Freshman', 36221, 2, '', 549),
(397, 'Computer Science', 'Freshman', 36032, 2, '', 549),
(398, 'Computer Science', 'Freshman', 36675, 2, '', 549),
(399, 'Computer Science', 'Freshman', 35873, 2, '', 549),
(400, 'Computer Science', 'Freshman', 36682, 2, '', 549),
(401, 'Computer Science', 'Freshman', 36236, 0, '', 550),
(402, 'Computer Science', 'Freshman', 35483, 2, '', 550),
(403, 'Computer Science', 'Freshman', 35725, 2, '', 550),
(404, 'Computer Science', 'Freshman', 35725, 2, '', 550),
(405, 'Computer Science', 'Freshman', 36139, 2, '', 550),
(406, 'Computer Science', 'Freshman', 36139, 2, '', 550),
(407, 'Computer Science', 'Freshman', 36032, 2, '', 550),
(408, 'Computer Science', 'Freshman', 36032, 2, '', 550),
(409, 'Computer Science', 'Freshman', 35952, 0, '', 550),
(410, 'Computer Science', 'Freshman', 36001, 2, '', 550),
(411, 'Computer Science', 'Freshman', 36032, 2, '', 550),
(412, 'Computer Science', 'Freshman', 36032, 2, '', 550),
(413, 'Computer Science', 'Freshman', 36151, 0, '', 550),
(414, 'Computer Science', 'Freshman', 35641, 2, '', 550),
(415, 'Computer Science', 'Freshman', 36236, 0, '', 551),
(416, 'Computer Science', 'Freshman', 35483, 2, '', 551),
(417, 'Computer Science', 'Freshman', 36124, 2, '', 551),
(418, 'Computer Science', 'Freshman', 35725, 2, '', 551),
(419, 'Computer Science', 'Freshman', 35725, 2, '', 551),
(420, 'Computer Science', 'Freshman', 35725, 2, '', 551),
(421, 'Computer Science', 'Freshman', 36675, 2, '', 551),
(422, 'Computer Science', 'Freshman', 36032, 2, '', 551),
(423, 'Computer Science', 'Freshman', 35952, 0, '', 551),
(424, 'Computer Science', 'Freshman', 36001, 2, '', 551),
(425, 'Computer Science', 'Freshman', 35717, 2, '', 551),
(426, 'Computer Science', 'Freshman', 35430, 2, '', 551),
(427, 'Computer Science', 'Freshman', 35505, 2, '', 551),
(428, 'Computer Science', 'Freshman', 35430, 2, '', 551),
(429, 'Computer Science', 'Freshman', 35681, 2, '', 551),
(430, 'Computer Science', 'Freshman', 35878, 2, '', 551),
(431, 'Computer Science', 'Freshman', 35503, 2, '', 551),
(432, 'Computer Science', 'Freshman', 36031, 2, '', 551),
(433, 'Computer Science', 'Freshman', 36332, 2, '', 551),
(434, 'Computer Science', 'Freshman', 36080, 2, '', 551),
(435, 'Computer Science', 'Freshman', 36040, 2, '', 551),
(436, 'Computer Science', 'Freshman', 35466, 0, '', 551),
(437, 'Computer Science', 'Freshman', 36001, 2, '', 551),
(438, 'Computer Science', 'Freshman', 36308, 2, '', 551),
(439, 'Computer Science', 'Freshman', 35497, 2, '', 551),
(440, 'Computer Science', 'Freshman', 35873, 2, '', 551),
(441, 'Computer Science', 'Freshman', 35801, 2, '', 551),
(442, 'Computer Science', 'Freshman', 36253, 2, '', 551),
(443, 'Computer Science', 'Freshman', 35475, 2, '', 551),
(444, 'Computer Science', 'Freshman', 36043, 2, '', 551),
(445, 'Computer Science', 'Freshman', 36269, 2, '', 551),
(446, 'Computer Science', 'Freshman', 35976, 2, '', 551),
(447, 'Computer Science', 'Freshman', 35452, 2, '', 551),
(448, 'Computer Science', 'Freshman', 36157, 2, '', 551),
(449, 'Computer Science', 'Freshman', 35819, 2, '', 551),
(450, 'Computer Science', 'Freshman', 35656, 2, '', 551),
(451, 'Computer Science', 'Freshman', 35685, 2, '', 551),
(452, 'Computer Science', 'Freshman', 36692, 2, '', 551),
(453, 'Computer Science', 'Freshman', 35766, 2, '', 551),
(454, 'Computer Science', 'Freshman', 35611, 2, '', 551),
(455, 'Computer Science', 'Freshman', 35681, 0, '', 551),
(456, 'Economics', 'Freshman', 36254, 0, '', 552),
(457, 'Economics', 'Freshman', 35699, 2, '', 552),
(458, 'Economics', 'Freshman', 35952, 0, '', 552),
(459, 'Economics', 'Freshman', 35838, 2, '', 552),
(460, 'Economics', 'Freshman', 36316, 0, '', 552),
(461, 'Economics', 'Freshman', 35838, 2, '', 552),
(462, 'Economics', 'Freshman', 35505, 2, '', 552),
(463, 'Economics', 'Freshman', 36151, 2, '', 552),
(464, 'Economics', 'Freshman', 36001, 2, '', 552),
(465, 'Economics', 'Freshman', 35834, 2, '', 552),
(466, 'Economics', 'Freshman', 36308, 2, '', 552),
(467, 'Economics', 'Freshman', 35641, 2, '', 552),
(468, 'Economics', 'Freshman', 35611, 2, '', 552),
(469, 'Economics', 'Freshman', 35565, 2, '', 552),
(470, 'Economics', 'Freshman', 35766, 2, '', 552),
(471, 'Economics', 'Freshman', 35698, 2, '', 552),
(472, 'Economics', 'Freshman', 36395, 2, '', 552),
(473, 'Economics', 'Freshman', 35511, 2, '', 552),
(474, 'Economics', 'Freshman', 35987, 2, '', 552),
(475, 'Economics', 'Freshman', 36664, 2, '', 552),
(476, 'Economics', 'Freshman', 35954, 2, '', 552),
(477, 'Economics', 'Freshman', 35428, 2, '', 552),
(478, 'Economics', 'Freshman', 36612, 2, '', 552),
(479, 'Economics', 'Freshman', 36332, 2, '', 552),
(480, 'Economics', 'Freshman', 36238, 2, '', 552),
(481, 'Economics', 'Freshman', 36596, 2, '', 552),
(482, 'Economics', 'Freshman', 35705, 2, '', 552),
(483, 'Economics', 'Freshman', 35595, 2, '', 552),
(484, 'Economics', 'Freshman', 36366, 2, '', 552),
(485, 'Economics', 'Freshman', 35709, 2, '', 552),
(486, 'Economics', 'Freshman', 35678, 2, '', 552),
(487, 'Economics', 'Freshman', 35586, 2, '', 552),
(488, 'Economics', 'Freshman', 35997, 2, '', 552),
(489, 'Economics', 'Freshman', 36080, 2, '', 552),
(490, 'Economics', 'Freshman', 36053, 2, '', 552),
(491, 'Economics', 'Freshman', 35772, 2, '', 552),
(492, 'Economics', 'Freshman', 35486, 2, '', 552),
(493, 'Economics', 'Freshman', 35766, 2, '', 552),
(494, 'Economics', 'Freshman', 35716, 2, '', 552),
(495, 'Economics', 'Freshman', 35656, 2, '', 552),
(496, 'Economics', 'Freshman', 35819, 2, '', 552),
(497, 'Economics', 'Freshman', 36697, 2, '', 552),
(498, 'Economics', 'Freshman', 36157, 2, '', 552),
(499, 'Economics', 'Freshman', 35823, 2, '', 552),
(500, 'Economics', 'Freshman', 36076, 2, '', 552),
(501, 'Economics', 'Freshman', 36369, 2, '', 552),
(502, 'Economics', 'Freshman', 36194, 2, '', 552),
(503, 'Economics', 'Freshman', 35452, 2, '', 552),
(504, 'Economics', 'Freshman', 36582, 2, '', 552),
(505, 'Economics', 'Freshman', 35908, 0, '', 552),
(506, 'Computer Science', 'Freshman', 36236, 0, '', 553),
(507, 'Computer Science', 'Freshman', 35483, 2, '', 553),
(508, 'Computer Science', 'Freshman', 36124, 2, '', 553),
(509, 'Computer Science', 'Freshman', 36221, 2, '', 553),
(510, 'Computer Science', 'Freshman', 36139, 0, '', 553),
(511, 'Computer Science', 'Freshman', 35641, 2, '', 553),
(512, 'Computer Science', 'Freshman', 36675, 2, '', 553),
(513, 'Computer Science', 'Freshman', 36032, 2, '', 553),
(514, 'Computer Science', 'Freshman', 35952, 0, '', 553),
(515, 'Computer Science', 'Freshman', 36001, 2, '', 553),
(516, 'Computer Science', 'Freshman', 36151, 2, '', 553),
(517, 'Computer Science', 'Freshman', 35717, 2, '', 553),
(518, 'Computer Science', 'Freshman', 35466, 2, '', 553),
(519, 'Computer Science', 'Freshman', 35698, 2, '', 553),
(520, 'Computer Science', 'Freshman', 35681, 2, '', 553),
(521, 'Computer Science', 'Freshman', 35505, 2, '', 553),
(522, 'Electrical Engineering', 'Freshman', 36316, 2, '', 555),
(523, 'Electrical Engineering', 'Freshman', 35505, 0, '', 555),
(524, 'Electrical Engineering', 'Freshman', 35952, 2, '', 555),
(525, 'Electrical Engineering', 'Freshman', 36151, 2, '', 555),
(526, 'Electrical Engineering', 'Freshman', 35430, 2, '', 555),
(527, 'Electrical Engineering', 'Freshman', 35834, 2, '', 555),
(528, 'Electrical Engineering', 'Freshman', 36151, 2, '', 555),
(529, 'Economics', 'Freshman', 36254, 0, '', 556),
(530, 'Computer Science', 'Freshman', 36236, 2, '', 559),
(531, 'Computer Science', 'Freshman', 35483, 2, '', 559),
(532, 'Computer Science', 'Freshman', 35641, 2, '', 559),
(533, 'Computer Science', 'Freshman', 36001, 1, '', 559),
(534, 'Computer Science', 'Freshman', 35899, 1, '', 559),
(535, 'Computer Science', 'Freshman', 36236, 0, '', 562),
(536, 'Computer Science', 'Freshman', 0, 0, '', 565),
(537, 'Computer Science', 'Freshman', 36236, 0, '', 577),
(538, '140', 'Freshman', 35952, 2, '', 593),
(539, 'Civil Engineering', 'Freshman', 36308, 0, '', 602),
(540, 'Civil Engineering', 'Freshman', 35502, 2, '', 602),
(541, 'Civil Engineering', 'Freshman', 35502, 2, '', 602),
(542, 'Civil Engineering', 'Freshman', 36236, 2, '', 602),
(543, 'Civil Engineering', 'Freshman', 35952, 0, '', 602),
(544, 'Civil Engineering', 'Freshman', 36102, 2, '', 602),
(545, 'Civil Engineering', 'Freshman', 35505, 2, '', 602),
(546, 'Civil Engineering', 'Freshman', 35505, 2, '', 602),
(547, 'Civil Engineering', 'Freshman', 35717, 0, '', 602),
(548, 'Civil Engineering', 'Freshman', 36036, 2, '', 602),
(549, 'Civil Engineering', 'Freshman', 35430, 2, '', 602),
(550, 'Civil Engineering', 'Freshman', 35505, 2, '', 602),
(551, 'Civil Engineering', 'Freshman', 35681, 2, '', 602),
(552, 'Civil Engineering', 'Freshman', 35766, 2, '', 602),
(553, 'Civil Engineering', 'Freshman', 35497, 2, '', 602),
(554, 'Civil Engineering', 'Freshman', 35505, 2, '', 602),
(555, 'Civil Engineering', 'Freshman', 35698, 2, '', 602),
(556, 'Civil Engineering', 'Freshman', 35681, 2, '', 602),
(557, 'Civil Engineering', 'Freshman', 35721, 0, '', 602),
(558, 'Physics', 'Freshman', 36040, 0, '', 604),
(559, 'Physics', 'Freshman', 35505, 0, '', 605),
(560, 'Computer Science', 'Freshman', 36236, 0, '', 615),
(561, 'Computer Science', 'Freshman', 36316, 0, '', 615),
(562, 'Computer Science', 'Freshman', 35505, 2, '', 615),
(563, 'Computer Science', 'Freshman', 35505, 2, '', 615),
(564, 'Computer Science', 'Freshman', 35505, 2, '', 615),
(565, 'Computer Science', 'Freshman', 35500, 2, '', 615),
(566, 'Computer Science', 'Freshman', 36308, 2, '', 615),
(567, 'Computer Science', 'Freshman', 36040, 2, '', 615),
(568, 'Computer Science', 'Freshman', 35698, 2, '', 615),
(569, 'Computer Science', 'Freshman', 36369, 0, '', 615),
(570, 'Computer Science', 'Freshman', 35952, 2, '', 615),
(571, 'Computer Science', 'Freshman', 35430, 2, '', 615),
(572, 'Computer Science', 'Freshman', 35716, 2, '', 615),
(573, 'Computer Science', 'Freshman', 35908, 0, '', 615),
(574, 'Computer Science', 'Freshman', 35952, 0, '', 616),
(575, 'Computer Science', 'Freshman', 36236, 0, '', 616),
(576, 'Computer Science', 'Freshman', 36236, 2, '', 616),
(577, 'Computer Science', 'Freshman', 36254, 0, '', 616),
(578, 'Computer Science', 'Freshman', 35717, 0, '', 616),
(579, 'Computer Science', 'Freshman', 36316, 2, '', 617),
(580, 'Computer Science', 'Freshman', 36316, 0, '', 617),
(581, 'Computer Science', 'Freshman', 35717, 2, '', 617),
(582, 'Computer Science', 'Freshman', 36151, 0, '', 617),
(583, 'Computer Science', 'Freshman', 35952, 2, '', 617),
(584, 'Computer Science', 'Freshman', 35908, 2, '', 617),
(585, 'Computer Science', 'Freshman', 35997, 0, '', 617),
(586, 'Computer Science', 'Freshman', 36236, 0, '', 617);

-- --------------------------------------------------------

--
-- Table structure for table `Courses`
--

CREATE TABLE IF NOT EXISTS `Courses` (
  `id` int(11) NOT NULL,
  `name` varchar(45) NOT NULL,
  `department_id` int(11) NOT NULL,
  `number` int(11) NOT NULL
) ENGINE=InnoDB AUTO_INCREMENT=36735 DEFAULT CHARSET=latin1;

--
-- Dumping data for table `Courses`
--

INSERT INTO `Courses` (`id`, `name`, `department_id`, `number`) VALUES
(35422, 'OPTOELECTRONIC TECH', 142, 4960),
(35423, 'Economic Analysis of Technological Change', 141, 4110),
(35424, 'Dissertation', 136, 9990),
(35425, 'Computability and Complexity', 140, 6050),
(35426, 'Scientific Revolutions', 156, 4310),
(35427, 'ADV MANUF PROCESS & SYSTEMS', 144, 6960),
(35428, 'Econometrics', 141, 4570),
(35429, 'Robotics', 143, 6120),
(35430, 'DEMOCRACY AS DEMOCRATISM', 161, 1971),
(35431, 'Bedford Seminar', 134, 4020),
(35432, 'Human Physiology', 135, 4270),
(35433, 'Media Studies', 145, 6790),
(35434, 'DISSERTATION', 160, 9990),
(35435, 'Communication Studies', 145, 2940),
(35436, 'Communication Systems', 142, 4520),
(35437, 'Networking Security Laboratory', 140, 4670),
(35438, 'Computer Hardware Design', 142, 4770),
(35439, 'PROF DEV WORKSHOP I FOR MS', 160, 6960),
(35440, 'Dynamic Traffic Models', 134, 6280),
(35441, 'HISTORIC PRESERVATION', 137, 4973),
(35442, 'Electric Circuits', 142, 2010),
(35443, 'Foundation of Analysis', 151, 4090),
(35444, 'INTERACTIVE VISUALIZATION', 140, 4960),
(35445, 'Dissertation', 153, 9990),
(35446, 'EMPIRICAL ISSUES IN MGMT RSRCH', 160, 6870),
(35447, 'PHYSICS I MENTORING 2', 133, 2962),
(35448, 'Literature Search Strategies in Biology', 135, 4050),
(35449, 'Physical Chemistry for Life Sciences', 152, 2440),
(35450, 'Studies in the Arts', 136, 2940),
(35451, 'ENVIRONMENTAL & RESOURCE ECON', 147, 4967),
(35452, 'ORAL COMMUNICATION FOR TAs I', 170, 1010),
(35453, 'Fluid Dynamics Laboratory', 143, 4910),
(35454, 'Mathematical Models of Operations Research', 138, 4700),
(35455, 'Modeling of Biomedical Systems', 148, 4200),
(35456, 'Advanced Groundwater Hydrology', 158, 6110),
(35457, 'Master’s Project', 139, 6980),
(35458, 'Readings in Biology', 135, 4940),
(35459, 'Personality', 162, 4400),
(35460, 'Organic Chemistry Laboratory I', 152, 2230),
(35461, 'Architectural Media', 137, 2160),
(35462, 'EVOLUTION,COGNITION & CULTURE', 156, 4961),
(35463, 'Design Explorations 2', 137, 6120),
(35464, 'INTERNATIONAL ECON & GLOBAL', 147, 4966),
(35465, 'Nuclear Reactor Analysis II', 143, 6280),
(35466, 'Introduction to Biology', 135, 1010),
(35467, 'Introduction to Finite Elements', 143, 4240),
(35468, 'Machine and Computational Learning', 140, 6100),
(35469, 'Art History II: From Renaissance to Postmoder', 136, 2560),
(35470, 'Introduction to Research', 152, 6950),
(35471, 'Digital Signal Processing', 142, 4530),
(35472, 'AGING BRAIN OR EXPANDING MIND', 157, 6964),
(35473, 'THEORY OF NETWORKED SYSTEMS', 153, 4961),
(35474, 'Bench Scale Design', 158, 4240),
(35475, 'FUNDAMENTALS OF MIL SCI LAB I', 167, 10),
(35476, 'Air and Space Studies 200A (The Evolution of ', 169, 2030),
(35477, 'Painting', 136, 4220),
(35478, 'Seminar', 133, 6900),
(35479, 'PERSONAL FINANCE', 160, 4964),
(35480, 'SOFTWARE & FABRICATION', 137, 6966),
(35481, 'Aerodynamics I', 143, 4070),
(35482, 'Readings in Chemistry', 152, 6940),
(35483, 'Computer Science I', 140, 1100),
(35484, 'CRITICISM SEMINAR', 137, 6964),
(35485, 'Power Engineering Analysis', 142, 6110),
(35486, 'Engineering Communications', 144, 1400),
(35487, 'Rensselaer Orchestra', 136, 2300),
(35488, 'Sequence Analysis', 135, 4540),
(35489, 'Dissertation', 151, 9990),
(35490, 'Thermal and Fluids Engineering I', 144, 2250),
(35491, 'Master’s Thesis', 148, 6990),
(35492, 'Architecture Design 2', 137, 2220),
(35493, 'Dissertation', 164, 9990),
(35494, 'Master’s Project', 151, 6980),
(35495, 'ROBOTIC MATERIAL ASSEMBLIES', 137, 4967),
(35496, 'Navigation', 166, 2050),
(35497, 'Introduction to Management', 160, 1100),
(35498, 'POWER ENGR ANALYSIS', 142, 4962),
(35499, 'DUCHAMP SEMINAR', 137, 4961),
(35500, 'Calculus I', 151, 1010),
(35501, 'Out-of-Classroom Experience in Earth Sciences', 168, 4970),
(35502, 'Introduction to Geotechnical Engineering', 134, 2630),
(35503, 'PROGRAMMING FOR COG SCI & AI', 140, 4966),
(35504, 'Master’s Thesis', 155, 6990),
(35505, 'Honors Physics I', 133, 1150),
(35506, 'A SOCIAL ANIMAL', 147, 4960),
(35507, 'Non-thesis Research', 135, 4970),
(35508, 'Master’s Thesis', 150, 6990),
(35509, 'Readings in Environmental Engineering', 158, 2940),
(35510, 'Manufacturing Processes and Systems Laborator', 144, 4710),
(35511, 'ECON OF FINANCIAL INST & MARK', 141, 4961),
(35512, 'Dissertation', 147, 9990),
(35513, 'Discrete-Event Simulation', 153, 6620),
(35514, 'AFFECTIVE COMPUTING', 157, 6961),
(35515, 'Cryptography and Network Security I', 140, 6230),
(35516, 'Programming for Cognitive Science and Artific', 157, 6410),
(35517, 'Thermal and Fluids Engineering Laboratory', 143, 4020),
(35518, 'Financial Management I', 160, 6020),
(35519, 'PERCEPTION/ ACTION RESEARCH', 162, 1940),
(35520, 'Data Science', 140, 6350),
(35521, 'PHYSICS I MENTORING 1', 133, 2961),
(35522, 'Colloquium Series', 134, 6910),
(35523, 'Character and Story for Games', 145, 4220),
(35524, 'DISTR COMPUTING ON INTERNET', 140, 4961),
(35525, 'Consumer Behavior and Product Design', 160, 4460),
(35526, 'Professional Project', 152, 6970),
(35527, 'RESEARCH IN ASTRONOMY', 165, 9990),
(35528, 'Protein Structure Determination', 149, 4870),
(35529, 'Microprocessor Systems', 142, 4790),
(35530, 'Concepts/Research Seminar in Science and Tech', 147, 6020),
(35531, 'Computer Graphics', 142, 4750),
(35532, 'Financial Computation', 160, 6510),
(35533, 'Astrophysics', 165, 4220),
(35534, 'The Ethos of Architecture', 137, 2150),
(35535, 'Biomechanics', 148, 2540),
(35536, 'Information Systems for Management', 160, 6140),
(35537, 'Computer Operating Systems', 140, 6140),
(35538, 'LEADERSHIP LAB', 169, 10),
(35539, 'Cell and Developmental Biology Laboratory', 135, 4740),
(35540, 'Master’s Thesis', 140, 6990),
(35541, 'Microcomputers and Applications', 160, 2510),
(35542, 'Processing of Biomaterials', 150, 6470),
(35543, 'DOCTORAL SEMINAR 1', 137, 6910),
(35544, 'Introduction to Topology', 151, 4040),
(35545, 'Readings in Materials', 150, 2940),
(35546, 'Database Mining', 140, 4390),
(35547, 'Drug and Gene Delivery', 148, 4450),
(35548, 'Multidisciplinary Capstone Design', 143, 4260),
(35549, 'Data Science', 155, 6350),
(35550, 'Computational Linear Algebra', 140, 6800),
(35551, 'TAXATION I (at SIENA COLLEGE)', 160, 2003),
(35552, 'Bedford Design Studio', 134, 6340),
(35553, 'Introduction to Air Quality', 158, 4330),
(35554, 'APPLIED MATH IN MATL SCI & ENG', 150, 4960),
(35555, 'ARCH IN THE TIME OF SYN BIOL', 137, 4968),
(35556, 'Signals and Systems', 142, 2410),
(35557, 'MODERN CONTEMP ROME 1870-PRE', 137, 4975),
(35558, 'Strategy and Policy', 160, 4870),
(35559, 'Information Design', 145, 4470),
(35560, 'Marketing Principles', 160, 2430),
(35561, 'AFFECTIVE COMPUTING', 157, 4967),
(35562, 'Readings in Cognitive Science', 157, 6940),
(35563, 'NATURAL LANGUAGE PROCESSING', 140, 6962),
(35564, 'Solid-State Physics', 142, 4720),
(35565, 'Introduction to Engineering Analysis', 144, 1100),
(35566, 'PROF DEVELOPMENT WORKSHOP I', 160, 7230),
(35567, 'History and Culture of Games', 145, 1600),
(35568, 'GAME AI', 140, 4967),
(35569, 'LEADERSHIP LAB', 169, 70),
(35570, 'ENVIRONMENT & LAW', 147, 2960),
(35571, 'DES NUC SYS SAFETY & OPS I', 143, 4961),
(35572, 'Architecture Design 4', 137, 4240),
(35573, 'Research in Biology', 135, 2900),
(35574, 'ENVIRONMENTAL JUSTICE', 147, 4965),
(35575, 'Studies in Biomedical Engineering', 148, 6940),
(35576, 'Intermediate Accounting II', 160, 4280),
(35577, 'Dissertation', 135, 9990),
(35578, 'Theoretical Mechanics', 133, 4330),
(35579, 'EDUC&THERAPEUTIC COMPUTER GAME', 162, 4963),
(35580, 'Computability and Complexity', 140, 4050),
(35581, 'APPLIED LEADERSHIP LAB I', 167, 30),
(35582, 'Electronic Arts Overview', 136, 6110),
(35583, 'Decision Focused Systems Engineering', 153, 4280),
(35584, 'Mechanics of Solids', 134, 6170),
(35585, 'Space Vehicle Design', 143, 4850),
(35586, 'Science, Technology, and Society', 147, 1110),
(35587, 'Thermal and Fluids Engineering II', 143, 4010),
(35588, 'Professional Development Seminar', 152, 4900),
(35589, 'Independent Studies in Electrical, Computer, ', 142, 4940),
(35590, 'Database Mining', 140, 6390),
(35591, 'Master’s Thesis', 133, 6990),
(35592, 'SPECTRAL INTERPRETATION', 152, 4961),
(35593, 'Machine and Computational Learning', 140, 4100),
(35594, 'INVENTION, INNOV & ENTRE', 160, 6640),
(35595, 'Air and Space Studies 100A (Foundations of th', 169, 1010),
(35596, 'Programming Languages', 140, 6430),
(35597, 'Readings in Mathematical Programming, Probabi', 138, 6940),
(35598, 'Master’s Thesis', 149, 6990),
(35599, 'Linear Algebra', 151, 4100),
(35600, 'Research Rotation', 149, 6910),
(35601, 'Bedford Architecture Engineering Seminar', 137, 4020),
(35602, 'ECO CHIC: LIVING ART', 136, 4968),
(35603, 'Advanced Inorganic Chemistry I', 152, 6020),
(35604, 'Cognitive Psychology', 162, 4370),
(35605, 'Master’s Thesis', 153, 6990),
(35606, 'Engineering Dynamics', 144, 2090),
(35607, 'Women Writers', 154, 2770),
(35608, 'SUSTAINABILITY RESEARCH DESIGN', 147, 4964),
(35609, 'Game Development I', 157, 4520),
(35610, 'Design Development', 137, 4300),
(35611, 'Introduction to Materials Engineering', 150, 1200),
(35612, 'Readings in Chemical Engineering', 163, 6940),
(35613, 'Introduction to Philosophy', 156, 1110),
(35614, 'LEADERSHIP LAB CONFLICT', 169, 80),
(35615, 'Molecular Biochemistry I', 149, 4760),
(35616, 'Art and Science of Mathematics I', 151, 1900),
(35617, 'Readings in Astronomy and Astrophysics', 165, 6940),
(35618, 'Readings in Chemical Engineering', 163, 2940),
(35619, 'FRAUD &ABUSE HLTHCARE(ALB LAW)', 160, 6007),
(35620, 'Thermodynamics of Materials', 150, 4100),
(35621, 'CHINA & THE US', 147, 4962),
(35622, 'Heroes, Leaders, and Innovators', 160, 6010),
(35623, 'Managerial Finance', 160, 2320),
(35624, 'Energy Politics', 146, 4310),
(35625, 'Chemical Reactor Design', 163, 4500),
(35626, 'Transport Phenomena I', 163, 4010),
(35627, 'Applied Micropaleontology', 168, 6200),
(35628, 'PHYSICS TEACHING SEMINAR', 133, 4961),
(35629, 'RISK MANAGEMENT', 160, 7760),
(35630, 'Doctoral Thesis', 157, 9990),
(35631, 'Advanced Behavioral Statistics', 157, 6570),
(35632, 'Teaching Seminar for Teaching Assistants', 151, 6950),
(35633, 'Theory and Research in Technical Communicatio', 145, 6480),
(35634, 'ADV INT SYSTEMS PROTOTYPE DEV', 137, 6962),
(35635, 'Mechanical Systems Laboratory', 143, 4040),
(35636, 'Ethics', 156, 4240),
(35637, 'Chemical Engineering Separations', 163, 4040),
(35638, 'Design Explorations 3', 137, 6130),
(35639, 'Lighting Design', 139, 4230),
(35640, 'Animation II', 136, 4070),
(35641, 'Introduction to Computer Programming', 140, 1010),
(35642, 'Perspectives in Chemistry', 152, 6010),
(35643, 'CONTEMP DESIGN APPROACHES', 137, 2130),
(35644, 'COMMUNICATION, TECH & SOCIETY', 145, 6960),
(35645, 'Clinical Orthopaedics and Contemporary Resear', 148, 6420),
(35646, 'Eco Chic: Living Art', 136, 6240),
(35647, 'DESIGN, MANUF AND MARKETING I', 160, 7050),
(35648, 'Nature and Society', 161, 1110),
(35649, 'Advanced Research Project', 152, 4970),
(35650, 'LEADERSHIP LAB', 169, 50),
(35651, 'Readings in Science and Technology Studies', 147, 6940),
(35652, 'Nuclear Instrumentation and Measurement', 143, 4350),
(35653, 'INTERMEDIATE ACCT II', 160, 6961),
(35654, 'Networking Laboratory I', 140, 4650),
(35655, 'Thermal-Hydraulic Design of Nuclear Reactors', 143, 6370),
(35656, 'PHARM OF PSYC DRUGS (at SCCC)', 135, 1008),
(35657, 'Graduate Architecture Design 4', 137, 4360),
(35658, 'Studies in Biomedical Engineering', 148, 4940),
(35659, 'GLASS SCIENCE', 150, 6962),
(35660, 'Molecular Biology II', 135, 4630),
(35661, 'Fundamentals of Finite Elements', 134, 6660),
(35662, 'Advanced Computer Music Composition and Perfo', 136, 6160),
(35663, 'READINGS IN ECSE', 142, 6940),
(35664, 'Rensselaer Concert Choir', 136, 2310),
(35665, 'Introduction to Engineering Design', 144, 2050),
(35666, 'Options, Futures, and Derivatives Markets', 160, 6370),
(35667, 'Senior Project', 146, 4980),
(35668, 'DSGN EXPERIMENTS  FOR CHME LAB', 163, 6961),
(35669, 'Semiconductor Power Electronics', 142, 4080),
(35670, 'Material Systems and Productions', 137, 6340),
(35671, 'Case Studies: Investigations into Architectur', 137, 4690),
(35672, 'A Passion for Physics', 133, 1010),
(35673, 'Computer Music', 136, 2020),
(35675, 'Literature Studies', 154, 6940),
(35676, 'ENVIRO PARAMETRICS WORKSHOP', 137, 6370),
(35677, 'Foundation Engineering', 134, 4010),
(35678, 'Introduction to Chemical Engineering', 163, 1010),
(35679, 'Business Issues for Engineers and Scientists', 155, 4300),
(35680, 'Statistical Analysis', 153, 4140),
(35681, 'Introduction to Biology Laboratory', 135, 1015),
(35682, 'Advanced Mechanical Properties of Materials', 150, 6250),
(35683, 'Human Factors in Lighting', 139, 4840),
(35684, 'Design Research Studio', 137, 6350),
(35685, 'AFFECTIVE COMPUTING', 140, 4972),
(35686, 'Deep Listening', 136, 4410),
(35687, 'Special Projects in Physics', 133, 2940),
(35688, 'RESEARCH DESIGN SEMINAR', 137, 6810),
(35689, 'The Multimedia Century', 136, 2540),
(35690, 'Construction Systems', 137, 2350),
(35691, 'Dissertation', 145, 9990),
(35692, 'Information Technology Master’s Capstone', 155, 6800),
(35693, 'Statistics and Operations Management I', 160, 6100),
(35694, 'SPECTRAL INTERPRETATION', 152, 6961),
(35695, 'Product Design and Innovation Studio V', 146, 4610),
(35696, 'ULTRA-WIDE AREA RELIENT ELEC E', 142, 6962),
(35697, 'Multidisciplinary Capstone Design', 150, 4920),
(35698, 'WORLDS ON DISPLAY', 161, 1961),
(35699, 'Intermediate Macroeconomics', 141, 2020),
(35700, 'TRIBOLOGY', 143, 6730),
(35701, 'Seminar in Biology', 135, 6900),
(35702, 'Experimental Physics', 133, 2350),
(35703, 'Astrophysics Seminar', 165, 6900),
(35704, 'PROJECT IN COMP & PERFORMANCE', 136, 6963),
(35705, 'International Economics and Globalization', 141, 4190),
(35706, 'Inventor’s Studio', 143, 4220),
(35708, 'Origins of Life Seminar', 164, 4510),
(35709, 'Race and Film in U.S. Culture and History', 161, 1300),
(35710, 'Multidisciplinary Capstone Design', 153, 4270),
(35711, 'Rhetorical Analysis', 145, 6280),
(35712, 'A SOCIAL ANIMAL', 156, 4960),
(35713, 'General Manufacturing Processes', 144, 2710),
(35714, 'Discrete Event Simulation Modeling and Analys', 153, 4290),
(35715, 'Master’s Thesis', 136, 6990),
(35716, 'HOW TO CHANGE THE WORLD', 144, 1961),
(35717, 'Chemistry I', 152, 1100),
(35718, 'Macroscopic Physical Chemistry', 152, 4410),
(35719, 'Communication Studies', 145, 6940),
(35720, 'Introduction to Electronics', 142, 2050),
(35721, 'Minds and Machines', 161, 1140),
(35722, 'Systems Analysis Techniques', 142, 6400),
(35723, 'Game AI', 157, 4420),
(35724, 'Quantitative Methods for Business', 160, 4100),
(35725, 'Programming in Python', 140, 2961),
(35726, 'CACHE PROCESS SIMULATIONS', 163, 4966),
(35727, 'Foundations of Applied Mathematics', 151, 4700),
(35728, 'Fundamentals of Animation', 136, 2060),
(35729, 'SONICS RESEARCH LAB 1', 137, 6870),
(35730, 'DESIGN SEMINAR', 147, 6960),
(35732, 'Oceanography', 168, 2610),
(35733, 'Readings in Economics', 141, 6940),
(35734, 'Readings in Mathematics', 151, 6940),
(35735, 'Discussions in Graduate Research', 148, 6800),
(35736, 'Design of Experiments', 153, 6020),
(35737, 'Product Design and Innovation Studio III', 161, 2610),
(35738, 'Microelectronics Technology', 142, 2210),
(35739, 'Design of Manufacturing System Supply Chains', 153, 6600),
(35740, 'Steel Design', 134, 4070),
(35741, 'ADV IND PROJ IN ARCH/ENV DESGN', 137, 6940),
(35742, 'Transportation System Planning', 134, 4640),
(35743, 'MOBILE WIRELESS NETWORKS', 142, 6961),
(35744, 'Readings in Mathematics', 151, 2940),
(35745, 'Media and Popular Culture', 145, 4560),
(35746, 'User-Centered Design', 145, 4770),
(35748, 'MASTERS PROJECT', 163, 6980),
(35749, 'Financial Markets and Institutions', 160, 6340),
(35750, 'Readings in Geology', 168, 6940),
(35751, 'Biomedical Fluid Mechanics', 148, 6480),
(35752, 'Engineering Project', 144, 2940),
(35753, 'Management Leadership I', 160, 1240),
(35754, 'Cognition and the Brain', 162, 4600),
(35755, 'Numerical Computing', 151, 4800),
(35756, 'Deep Listening', 136, 6410),
(35757, 'Studies in the Arts', 136, 4940),
(35758, 'Software Design and Documentation', 140, 4440),
(35759, 'Data Science', 168, 4350),
(35760, 'Dissertation', 158, 9990),
(35761, 'Advanced Military Management and Leadership I', 167, 4010),
(35762, 'INTRO TO ADV MEMBRANE CONCEPTS', 163, 4962),
(35763, 'ADV QUANTITATIVE METHODS', 160, 6967),
(35764, 'Dissertation', 134, 9990),
(35765, 'Applied and Environmental Microbiology', 135, 4680),
(35766, 'Chemistry I with Advanced Lab', 152, 1110),
(35767, 'MECHATRONICS-HARDWARE/SOFTWARE', 143, 2960),
(35768, 'Arts Ph.D. Colloquium', 136, 6900),
(35769, 'Senior Research Thesis', 149, 4990),
(35770, 'DISCONTINUOUS GALERKIN METHODS', 151, 6890),
(35771, 'ECSE Enrichment Seminar', 142, 2900),
(35772, 'Introduction to Information Technology and We', 155, 1100),
(35773, 'RESEARCH METHODS', 136, 4965),
(35774, 'Communication Studies', 145, 4940),
(35775, 'INDEPENDENT STUDY IN MANE', 143, 6940),
(35776, 'Electrical and Optical Properties of Material', 150, 4200),
(35777, 'Chemical and Biological Engineering Seminar', 163, 6900),
(35778, 'RESEARCH ROTATION I', 135, 6965),
(35779, 'Fundamentals of Military Science', 167, 1010),
(35780, 'Marketing Research', 160, 4470),
(35781, 'SOFTWARE DEVELOPMENT', 155, 4963),
(35782, 'Master’s Project', 158, 6980),
(35783, 'HACTIVISM', 136, 4974),
(35784, 'Music Theory I', 136, 2400),
(35785, 'Studies in Electronic Arts', 136, 6940),
(35786, 'Biomaterial Applications in Medicine', 148, 6560),
(35787, 'LINGUISTICS OF COMPUTER LING', 157, 6963),
(35788, 'RESEARCH PROBLEMS IN COG SCI', 157, 6968),
(35789, 'Experimental Game Design', 136, 4510),
(35790, 'HONORS MENTORING', 133, 2963),
(35791, 'Readings in Biochemistry/Biophysics', 149, 6940),
(35792, 'Earth Materials', 168, 2330),
(35793, 'Applied Psychoacoustics', 137, 4860),
(35794, 'Readings in ISYE', 153, 2940),
(35795, 'Mass Transit Systems', 134, 4620),
(35796, 'Advanced Organic Chemistry I', 152, 6210),
(35797, 'Bioimaging and Bioinstrumentation', 148, 2300),
(35798, 'Chemistry Teaching Seminar', 152, 6910),
(35799, 'Practicum in Management', 160, 4900),
(35800, 'Introduction to Accounting and Financial Mana', 160, 6190),
(35801, 'Basic Drawing', 136, 1200),
(35802, 'THEORY OF NETWORKED SYSTEMS', 140, 6963),
(35803, 'Field Methods', 168, 2210),
(35804, 'Introduction to Polymers', 150, 4050),
(35805, 'Introduction to Visual Communication', 145, 2610),
(35806, 'Industrial and Organizational Psychology', 162, 4200),
(35807, 'Introduction to Econometrics', 141, 6560),
(35808, 'Advanced Groundwater Hydrology', 168, 6710),
(35809, 'Protein Structure Determination', 149, 6870),
(35810, 'Molecular Biology Laboratory', 135, 4720),
(35811, 'Design Optimization: Theory and Practice', 143, 4280),
(35812, 'PROFESSIONAL LEADERSHIP PROG.', 170, 4050),
(35813, 'Biomechanics II', 148, 4540),
(35814, 'HACTIVISM', 136, 6974),
(35815, 'Introduction to Functional Analysis', 151, 6220),
(35816, 'Senior Research Thesis', 135, 4990),
(35817, 'Architectural Design Studio 1', 137, 2800),
(35818, 'Mathematical Methods in Chemical Engineering ', 163, 6610),
(35819, 'Digital Filmmaking', 136, 1030),
(35820, 'Business Issues for Engineers and Scientists', 144, 4100),
(35821, 'Sculpture I', 136, 2210),
(35822, 'Nonlinear Programming', 138, 6600),
(35823, 'Media Studio: Imaging', 136, 1020),
(35824, 'PROFESSIONAL PROJECT', 138, 6970),
(35825, 'Game Development', 140, 4520),
(35826, 'Readings in Geology', 168, 4940),
(35827, 'Motivation and Performance', 162, 4110),
(35828, 'THEORY OF NETWORKED SYSTEMS', 142, 6960),
(35829, 'Clinical Orthopaedics and Contemporary Resear', 148, 4420),
(35830, 'PHYSICS MEETS SOCIAL SCIENCE', 162, 4964),
(35831, 'THEORY OF NETWORKED SYSTEMS', 142, 4963),
(35832, 'Computer Communication Networks', 142, 4670),
(35833, 'Nano - and Bio- Actuatable Materials', 148, 6710),
(35834, 'Business Law and Ethics', 160, 1260),
(35835, 'Senior Thesis', 155, 4990),
(35836, 'Flight Mechanics', 143, 4090),
(35837, 'COMPUTATIONAL SOCIAL CHOICE', 140, 6976),
(35838, 'Readings in Economics', 141, 2940),
(35839, 'Cancer Cell Research', 135, 4060),
(35840, 'Chemistry Seminar', 152, 6900),
(35841, 'Computer Aided Machining', 144, 2720),
(35842, 'Physics of Radiology', 143, 4340),
(35843, 'Quantum Physics I', 133, 2210),
(35844, 'Ethical Issues in Biotechnology', 135, 6550),
(35845, 'Master’s Project', 155, 6980),
(35846, 'Advanced Concrete Structures', 134, 6310),
(35847, 'Structural Dynamics', 134, 6450),
(35848, 'Creative Non-Fiction', 159, 2320),
(35849, 'Chinese I', 176, 1410),
(35850, 'Medicinal Chemistry', 152, 4300),
(35851, 'Biomaterials Science and Engineering', 148, 2100),
(35852, 'Environmental History and Theory', 137, 6310),
(35853, 'DISSERTATION', 142, 9990),
(35854, 'Drugs, Society, and Behavior', 162, 4500),
(35855, 'R&D MANAGEMENT', 160, 6600),
(35856, 'Calculus for Architecture, Management, and HA', 151, 1500),
(35857, 'Thesis', 133, 2990),
(35858, 'IT Project Management', 160, 4150),
(35859, 'Naval Leadership and Management I', 166, 2030),
(35860, 'Mechanics of Solids', 143, 6170),
(35861, 'BLENDED REALITY &  INTERNET', 161, 1968),
(35862, 'SYSTEMS ANALYSIS TECHNIQUES', 143, 6968),
(35863, 'Rotorcraft Performance, Stability, and Contro', 143, 4200),
(35864, 'Electron Microscopy of Materials', 150, 6080),
(35865, 'Dissertation', 148, 9990),
(35866, 'Operations Management', 160, 4110),
(35867, 'Readings in Mathematics', 151, 4940),
(35868, 'BIOCLIMATIC DESIGN', 137, 4960),
(35869, 'Statistical Methods', 160, 2100),
(35870, 'Groundwater Hydrology', 158, 4710),
(35871, 'The Physics of Light', 139, 6830),
(35872, 'Dissertation', 141, 9990),
(35873, 'RCOS', 140, 4965),
(35874, 'Visual Design: Theory and Application', 145, 4460),
(35875, 'ROTORDYNAMICS', 143, 4960),
(35876, 'SCULPTING THE INTANGIBLE', 137, 4964),
(35877, 'DISSERTATION', 146, 9990),
(35878, 'Database Systems', 140, 4380),
(35879, 'Readings in Computer Science', 140, 4940),
(35880, 'Modeling and Analysis of Uncertainty', 144, 2600),
(35881, 'Systems Analysis and Design', 160, 4240),
(35882, 'FOUNDATIONS OF MGMT THOUGHT', 160, 6968),
(35883, 'Art History I: From Paleolithic to Renaissanc', 136, 2530),
(35884, 'Theory of Compressible Flow', 143, 6550),
(35885, 'ENGINEERING STUDIES', 146, 6960),
(35886, 'Research in Biochemistry/Biophysics', 149, 2900),
(35887, 'Surface Phenomena', 150, 6420),
(35888, 'One Mile of the Hudson River', 175, 4700),
(35889, 'Readings in Biology', 135, 6940),
(35890, 'Graduate Architecture Design 2', 137, 2620),
(35891, 'Modernity in Culture and Architecture', 137, 4140),
(35892, 'Dissertation', 163, 9990),
(35893, 'Environment and Society', 147, 2300),
(35894, 'Investments I', 160, 4320),
(35895, 'Advanced Corporate Finance', 160, 4340),
(35896, 'ANIMATION PRODUCTION', 136, 4960),
(35897, 'Readings in Science and Technology Studies', 146, 6940),
(35898, 'Information Systems', 153, 4530),
(35899, 'Introduction to Algorithms', 140, 2300),
(35900, 'Introduction to Communication Theory', 145, 1510),
(35901, 'LIGHTING RESEARCH DESIGN II', 139, 6962),
(35902, 'ADV COMPUTATIONAL PHYSICS', 133, 6960),
(35903, 'Individual Projects in Mechanical Engineering', 143, 4940),
(35904, 'ENERGY POLITICS', 147, 6963),
(35905, 'Chamber Music Ensemble', 136, 2350),
(35906, 'Structures 1', 137, 2330),
(35907, 'Mathematical Analysis I', 151, 4200),
(35908, 'ARE HUMANS RATIONAL?', 161, 1969),
(35909, 'FLUID MECHANICS', 143, 6960),
(35910, 'ADV MANUF PROCESS & SYSTEMS', 143, 6961),
(35912, 'SOFTWARE DEVELOPMENT', 155, 6963),
(35913, 'INTRO TO GEOBIOLOGY', 168, 2960),
(35914, 'Intermediate Digital Imaging', 136, 2040),
(35915, 'READINGS IN PHIL', 156, 4940),
(35916, 'Sustainability Problems', 147, 4270),
(35917, 'Biochemical Engineering', 163, 6430),
(35918, 'Master’s Thesis', 163, 6990),
(35919, 'Undergraduate Thesis', 162, 4990),
(35920, 'Master’s Thesis', 139, 6990),
(35921, 'JUSTICE & THE MEDIA', 161, 1967),
(35922, 'Master’s Project', 164, 6980),
(35923, 'Radiation Heat Transfer', 143, 6640),
(35924, 'Energy Politics', 147, 4310),
(35925, 'Mechanical Behavior of Materials', 143, 4670),
(35926, 'PHILOSOPHY OF BIOLOGY', 156, 2960),
(35927, 'Dissertation', 149, 9990),
(35928, 'Managing IT Resources', 155, 4310),
(35929, 'DISSERTATION', 143, 9990),
(35930, 'Studies in Management', 160, 4940),
(35931, 'Sensation and Perception', 162, 4410),
(35932, 'B.Arch. Final Project 1', 137, 4980),
(35933, 'Communication Internship', 145, 6300),
(35934, 'Distributed Systems and Sensor Networks', 142, 4500),
(35935, 'AMERICAN POLITICS & SOC IN CRI', 147, 2961),
(35936, 'Groundwater Hydrology', 168, 4710),
(35937, 'Art & Code & Interactivity', 136, 6090),
(35938, 'DESIGN OF EXPERIMENTS', 153, 4962),
(35939, 'Elements of Mechanical Design', 143, 4030),
(35940, 'Computer Science Seminar', 140, 6900),
(35941, 'Lighting Technologies and Applications', 139, 4770),
(35942, 'Dissertation', 168, 9990),
(35943, 'Introduction to Logic', 156, 2140),
(35944, 'Numerical Computing', 140, 4800),
(35945, 'ENGINEERING ACOUSTICS', 137, 6840),
(35946, 'ELECTRICITY ECON & POLICY', 141, 6962),
(35947, 'Studies in Environmental Engineering', 158, 6940),
(35948, 'GAME AI', 157, 6960),
(35949, 'Master’s Project', 157, 6980),
(35950, 'Networking Laboratory II', 140, 4660),
(35951, 'PRACTICUM IN MANAGEMENT', 160, 6840),
(35952, 'Physics I', 133, 1100),
(35953, 'Propulsion Systems', 143, 4080),
(35954, 'Seminar in Economics', 141, 4900),
(35955, 'Foundations of Human-Computer Interaction Usa', 145, 6420),
(35956, 'ADV NETWORK PRACTICUM', 140, 4964),
(35957, 'Readings in Science and Technology Studies', 146, 2940),
(35958, 'Advanced Cell Biology', 135, 4260),
(35959, 'Out-of-Classroom Experience in Biology', 135, 2930),
(35960, 'Dissertation', 171, 9990),
(35961, 'Vibrations', 143, 4610),
(35962, 'Research Writing', 159, 4410),
(35963, 'TIMBER DESIGN', 134, 6960),
(35964, 'Radiation Technology', 143, 4420),
(35965, 'Master’s Project', 168, 6980),
(35966, 'Invention, Innovation, and Entrepreneurship', 160, 4510),
(35967, 'Master’s Project', 148, 6980),
(35968, 'EXPLORING MOVEMENT', 136, 4962),
(35969, 'Mathematics in Medicine and Biology', 151, 4720),
(35970, 'Capstone Experience in Philosophy', 156, 4990),
(35971, 'Systems Modeling in Decision Sciences', 153, 6610),
(35972, 'Readings in ISYE', 153, 4940),
(35973, 'Master’s Thesis', 168, 6990),
(35974, 'STARTING UP A NEW VENTURE', 160, 6630),
(35975, 'EUROPE TO 1500 (at ST ROSE)', 147, 2006),
(35976, 'Introduction to Naval Science', 166, 1010),
(35977, 'Methods in Biophysics', 149, 6800),
(35978, 'POLITICS OF SE ASIA @ SUNYA', 146, 4002),
(35979, 'Senior Experience', 152, 4950),
(35980, 'FUNDAMENTALS OF FINITE ELEMENT', 143, 6660),
(35981, 'Computational Intelligence', 153, 4810),
(35982, 'Quantum Mechanics I', 133, 4510),
(35983, 'Data Science', 155, 4350),
(35984, 'Foundations of HCI Usability', 145, 4420),
(35985, 'Design and Analysis of Supply Chains', 153, 4210),
(35986, 'Business Issues for Engineers and Scientists', 144, 6100),
(35987, 'Mathematical Methods in Economics', 141, 4120),
(35988, 'Behavioral Neuroscience', 157, 4360),
(35989, 'Readings in Science and Technology Studies', 146, 4940),
(35990, 'Perspectives on Photography', 145, 2410),
(35991, 'Master’s Project', 153, 6980),
(35992, 'Advanced Cell Biology', 135, 6260),
(35993, 'Genetics and Evolution', 135, 2500),
(35994, 'Master’s Project', 134, 6980),
(35995, 'Research Rotation', 164, 4950),
(35996, 'Biomedical Product Development & Commercializ', 148, 4260),
(35997, 'General Psychology', 162, 1200),
(35998, 'Roots of Africa Music Ensemble', 136, 2360),
(35999, 'Fields and Waves I', 142, 2100),
(36000, 'Introduction to Sports Psychology', 162, 2800),
(36001, 'Beginning Programming for Engineers', 140, 1190),
(36002, 'Competitive Advantage and Operations Strategy', 160, 6490),
(36003, 'PERSONAL FINANCE', 160, 6964),
(36004, 'Readings in Psychology', 162, 4940),
(36005, 'SCI COMPUTING ON ARCH FOR PHYS', 133, 4960),
(36006, 'Master’s Project', 150, 6980),
(36007, 'Master’s Thesis', 134, 6990),
(36008, 'Introduction to Afro-Cuban Percussion', 136, 2340),
(36009, 'Ethics of Modeling for Industrial and System ', 153, 4310),
(36010, 'Experimental Chemistry I: Analytical Techniqu', 152, 2120),
(36011, 'ADV MILT MGMT LEADERSHIP LAB I', 167, 70),
(36012, 'Psychology and The Law', 162, 4740),
(36013, 'Fundamentals of Accounting for Decision Makin', 160, 2300),
(36014, 'Digital Constructs 1', 137, 2520),
(36015, 'NETWORKING LABORATORY I', 140, 6968),
(36016, 'Readings in Science and Technology Studies, A', 147, 4940),
(36017, 'Readings in Physics', 133, 6940),
(36018, 'Professional Project', 135, 6970),
(36019, 'INTRODUCTION TO POLYMERS', 150, 6963),
(36020, 'Music and Sound', 136, 1010),
(36021, 'RADIATION TECH & APPLICATIONS', 143, 6965),
(36022, 'Studies in Biomedical Engineering', 148, 2940),
(36023, 'Game Development I', 136, 4520),
(36024, 'LEADERSHIP LAB', 169, 30),
(36025, 'PROFESSIONAL PROJECT', 143, 6970),
(36026, 'Design and Analysis of Work Systems', 153, 4200),
(36027, 'Bench Scale Design', 158, 6250),
(36028, 'PROJECT IN COMP & PERFORMANCE', 136, 4963),
(36029, 'ELECTRICITY ECON & POLICY', 141, 4962),
(36030, 'Studies in Environmental Engineering', 158, 4940),
(36031, 'Materials Science for Engineers', 144, 1600),
(36032, 'Principles of Software', 140, 2600),
(36033, 'Advanced Individual Projects in Lighting', 139, 4940),
(36034, 'COGNITIVE SUBECONOMICS ANALYSI', 162, 4962),
(36035, 'Biostatistics', 135, 4200),
(36036, 'Readings in Civil Engineering', 134, 2940),
(36037, 'THEORY OF NETWORKED SYSTEMS', 140, 4963),
(36038, 'Distributed Computing Over The Internet', 140, 6500),
(36039, 'STRATEGY, TECH & COMPETITION I', 160, 7030),
(36040, 'Physics II', 133, 1200),
(36041, 'Material, Energy, and Entropy Balances', 163, 2010),
(36042, 'ROBOTICS I', 153, 4960),
(36043, 'Art for Interactive Media', 136, 1040),
(36044, 'Nuclear Engineering Laboratory', 143, 4370),
(36046, 'Glass Science', 150, 4030),
(36047, 'Robotics I', 140, 4480),
(36048, 'ASPECTS OF CHEMICAL BIOLOGY', 152, 4962),
(36049, 'Equilibrium Chemistry and Quantitative Analys', 152, 2110),
(36050, 'PROF DEVELOPMENT FOR BUSINESS', 160, 4962),
(36051, 'MASTERS THESIS', 142, 6990),
(36052, 'INDEPENDENT STUDY', 160, 6940),
(36053, 'FIRST YEAR SEMINAR', 170, 1961),
(36054, 'EXPLORING MOVEMENT', 136, 6962),
(36055, 'Undergraduate Thesis', 157, 4990),
(36056, 'DISSERTATION', 172, 9990),
(36057, 'Mechatronics', 143, 4490),
(36058, 'OTPICAL PROJECTION SYSTEMS', 133, 2964),
(36059, 'Nano- and Bio- Actuatable Materials', 148, 4710),
(36060, 'Applied Leadership I', 167, 2010),
(36061, 'MKT AND MKT RESEARCH', 160, 6550),
(36062, 'Creative Writing:  The Short Story', 159, 2330),
(36063, 'Talent Management', 160, 6040),
(36064, 'Modeling and Control of Dynamic Systems', 143, 4050),
(36065, 'DRILL/LABORATORY', 166, 70),
(36066, 'Stem Cell Laboratory', 135, 4020),
(36067, 'Ordinary Differential Equations and Dynamical', 151, 4400),
(36068, 'Readings in Civil Engineering', 134, 4940),
(36069, 'Experimental Game Design', 136, 6400),
(36070, 'Integrated Circuit Processes and Design', 142, 4250),
(36071, 'Introduction to Transportation Engineering', 134, 2030),
(36072, 'Earth and Sky', 165, 2120),
(36073, 'Advanced Corporate Finance', 160, 6380),
(36074, 'Transportation Systems Planning', 134, 6250),
(36075, 'Creative Seminar I', 136, 4840),
(36076, 'Geology I: Earth’s Interior', 168, 1100),
(36077, 'Fundamentals of 2-D Design', 136, 2220),
(36078, 'Nonlinear Programming', 153, 6780),
(36079, 'READINGS IN MTSE', 150, 4940),
(36080, 'Science, Technology, and Society', 146, 1110),
(36081, 'Virology', 135, 4350),
(36082, 'Human Resources in High Performance Organizat', 160, 4860),
(36083, 'Methods Seminar', 137, 4981),
(36084, 'Biomedical Fluid Mechanics', 148, 4580),
(36085, 'Creative Seminar I', 145, 4340),
(36086, 'Chemical Process Dynamics and Control', 163, 4030),
(36087, 'NATURAL LANGUAGE PROCESSING', 140, 4962),
(36088, 'Readings in Naval Science', 166, 2940),
(36089, 'TA TRAINING SEMINAR', 170, 6800),
(36090, 'Boundary Layers and Heat Transfer', 143, 4800),
(36091, 'Behavioral Neuroscience', 162, 4320),
(36092, 'Master’s Thesis', 152, 6990),
(36093, 'Introduction to Cell and Molecular Biology', 135, 2120),
(36094, 'Visual Design: Theory and Application', 145, 6560),
(36095, 'Professional Project', 163, 6970),
(36096, 'Professional Development III', 144, 4010),
(36097, 'Social Psychology', 162, 2730),
(36098, 'Research Methods', 136, 6570),
(36099, 'Ethical Issues in Biotechnology', 148, 6700),
(36100, 'VLSI Design', 142, 4220),
(36101, 'Materials and Design', 137, 2510),
(36102, 'Introduction to Structural Engineering', 134, 2670),
(36103, 'Introduction to Game Design', 157, 2520),
(36104, 'AVD ELECTRICAL DRIVE SYSTS', 142, 6965),
(36105, 'Professional Project', 153, 6970),
(36106, 'Built Ecologies 1', 137, 6320),
(36107, 'Applied Military Leadership I', 167, 2060),
(36108, 'Programming for Cognitive Science and Artific', 157, 4410),
(36109, 'IT PROJECT MANAGEMENT', 160, 6966),
(36110, 'Air and Space Studies 400A (National Security', 169, 2070),
(36111, 'Strength of Materials', 144, 2530),
(36112, 'Art & Code & Interactivity', 136, 4090),
(36113, 'Operating Systems', 140, 4210),
(36114, 'Writing for Games II', 145, 4250),
(36115, 'Embedded Control', 144, 2350),
(36116, 'Modern Techniques in Chemistry', 152, 4530),
(36117, 'Architecture Design 5', 137, 4250),
(36118, 'Readings in Civil Engineering', 134, 6940),
(36119, 'EUROPE TO 1500 @ SIENA', 146, 2003),
(36120, 'Engineering Graphics and CAD', 144, 1200),
(36121, 'DEVELOPMENT SCI (at SAGE COLL)', 162, 2009),
(36122, 'Robotics I', 142, 4480),
(36123, 'Control Systems Engineering', 142, 4440),
(36124, 'Computer Organization', 140, 2500),
(36125, 'UNDERGRADUATE RESEARCH PROJECT', 144, 2950),
(36126, 'Rotorcraft Performance, Stability, and Contro', 143, 6060),
(36127, 'MASTERS PROFESSIONAL PROJECT', 142, 6970),
(36128, 'NEEP Senior Design Project I', 143, 4380),
(36129, 'Advanced Individual Projects in Lighting', 139, 6940),
(36130, 'DRILL/LABORATORY', 166, 10),
(36131, 'Financial Trading and Investing', 160, 4310),
(36132, 'DOCTORAL RESEARCH MTHDS I', 160, 6900),
(36133, 'Advanced Drawing', 136, 4200),
(36134, 'Professional Project', 141, 6970),
(36135, 'Chemical and Phase Equilibria', 163, 6570),
(36136, 'Financial Trading and Investing', 160, 6240),
(36137, 'Team Research', 135, 4900),
(36138, 'Advanced Calculus', 151, 4600),
(36139, 'Foundations of Computer Science', 140, 2200),
(36140, 'Quantum Mechanics III', 133, 6530),
(36141, 'Advanced Computer Music Composition and Perfo', 136, 4160),
(36142, 'Readings in Science and Technology Studies, A', 147, 2940),
(36143, 'COMMUNICATION, TECH & SOCIETY', 145, 4960),
(36144, 'Documentary Film', 145, 2440),
(36145, 'Environment and Politics', 161, 1240),
(36146, 'Dissertation', 150, 9990),
(36147, 'Operations Research Methods', 153, 4600),
(36148, 'Special Projects in Astronomy', 165, 2940),
(36149, 'Molecular Biochemistry I', 135, 4760),
(36150, 'Investments I', 160, 6410),
(36151, 'PUBLIC HEALTH & WAR ON DRUGS', 161, 1962),
(36152, 'Probability Theory and Applications', 138, 4600),
(36153, 'Professional Project', 148, 6970),
(36154, 'Dissertation', 140, 9990),
(36155, 'POLITICS OF SE ASIA (at SUNYA)', 146, 6002),
(36156, 'Professional Project', 133, 6970),
(36157, 'HEALTHCARE ETHICS (at SCCC)', 161, 1008),
(36158, 'Quantum Mechanics I', 133, 6510),
(36159, 'CHINESE I', 176, 1940),
(36160, 'Enterprise IT Integration', 160, 4130),
(36161, 'Visual Poetics and Narrative', 145, 6320),
(36162, 'Intermediate Video', 136, 2010),
(36163, 'Data Science', 168, 6350),
(36164, 'Financial Theory', 160, 6420),
(36166, 'Master’s Project', 133, 6980),
(36167, 'Speech Communication', 159, 2340),
(36168, 'ARCHITECTURE DISSERTATION', 137, 9990),
(36169, 'Drug and Gene Delivery', 148, 6450),
(36170, 'Experimental Chemistry III: Inorganic and Phy', 152, 4020),
(36171, 'Organic Chemistry I', 152, 2250),
(36172, 'METHODS SEMINAR', 137, 6981),
(36173, 'APPL MILITARY LEADERSHIP LAB I', 167, 50),
(36174, 'PROB THEORY & APPLICATIONS', 153, 4750),
(36175, 'Public Service/Professional Careers Internshi', 147, 4800),
(36176, 'Introduction to Stochastic Signals and System', 142, 6510),
(36177, 'COGNITION & THE BRAIN', 157, 4965),
(36178, 'Freshwater Ecology', 135, 4700),
(36179, 'Money and Banking', 141, 4130),
(36180, 'Creative Writing:  Poetry', 159, 2310),
(36181, 'Web Systems Development', 155, 2110),
(36182, 'Environmental and Resource Economics', 141, 4260),
(36183, 'Astrophysics Undergraduate Seminar', 165, 4900),
(36184, 'Physical Foundations of Solid-State Devices', 142, 6220),
(36185, 'Readings in Mechanical Engineering, Aeronauti', 143, 2940),
(36186, 'INTRO TO PROB GRAPHICAL METHOD', 142, 6810),
(36187, 'Statistical Mechanics', 133, 6590),
(36188, 'PROFESSIONAL SEMINAR', 157, 6962),
(36189, 'Master’s Thesis', 158, 6990),
(36190, 'Readings in Mathematical Programming, Probabi', 138, 4940),
(36191, 'ROBOTICS I', 142, 6966),
(36192, 'Professional Practice 1', 137, 4540),
(36193, 'HORMONES, PLASTICITY & COG', 162, 4960),
(36194, 'Intro to Industrial & Systems Engineering', 153, 1100),
(36195, 'Introduction to Artificial Intelligence', 140, 4150),
(36196, 'Introduction to Biochemical Engineering', 163, 4430),
(36197, 'Studies in Management', 160, 2940),
(36198, 'ACAD ORIENTATION SEM FOR GRADS', 170, 6700),
(36199, 'GRADUATE SEMINAR', 143, 6900),
(36200, 'Materials Engineering Project', 150, 6940),
(36201, 'Programming Languages', 140, 4430),
(36202, 'Senior Project', 147, 4980),
(36203, 'Architecture Design 6', 137, 4260),
(36204, 'Graduate Seminar', 150, 6900),
(36205, 'Methods of Applied Mathematics', 151, 6600),
(36206, 'Chinese II', 176, 1420),
(36207, 'Cryptography and Network Security I', 140, 4230),
(36208, 'DRILL/LABORATORY', 166, 30),
(36209, 'Sustainable Building Design Metrics', 137, 4750),
(36210, 'MFG SYS INTEGRATION', 143, 6800),
(36211, 'COMPRESSED SENSING APPL', 142, 6964),
(36212, 'FRONTIERS OF NETWORK SCIENCE', 140, 6964),
(36213, 'Methods in Biophysics', 149, 4800),
(36214, 'Engineering Probability', 142, 2500),
(36215, 'Advanced Thermodynamics', 150, 6030),
(36216, 'Advanced Membrane Concepts', 163, 6410),
(36217, 'Advanced Molecular Biology', 135, 6690),
(36218, 'Starting Up a New Venture', 160, 4530),
(36219, 'Multidisciplinary Capstone Design', 142, 4900),
(36220, 'Computer Information Systems', 160, 4140),
(36221, 'WEB SYSTEMS DEVELOPMENT', 140, 2960),
(36222, 'Advanced Mathematical Methods in Economics', 141, 6120),
(36223, 'MECHATRONICS HARDWARE/SOFTWARE', 142, 2960),
(36224, 'Materials Synthesis and Processing', 150, 4400),
(36225, 'Electronic Arts Practice', 136, 6080),
(36226, 'Computational Linear Algebra', 151, 6800),
(36227, 'PRACTICUM IN COLLEGE TEACHING', 133, 2960),
(36228, 'Aerospace Structures and Materials', 143, 4060),
(36229, 'Biological Processes in Environmental Enginee', 158, 4350),
(36230, 'Biomedical Engineering Laboratory', 148, 4010),
(36231, 'Master’s Thesis', 135, 6990),
(36232, 'NUM APPLNS MICROELECTRONICS', 142, 6967),
(36233, 'Naval Ships Systems II', 166, 2070),
(36234, 'COMPUTATIONAL SOCIAL CHOICE', 140, 4979),
(36235, 'Solid-State Physics', 133, 4720),
(36236, 'Data Structures', 140, 1200),
(36237, 'Visual Poetic and Narrative', 145, 4320),
(36238, 'Readings in Economics', 141, 4940),
(36239, 'Processing of Biomaterials', 150, 4470),
(36240, 'Film Theory', 154, 4410),
(36241, 'Semiconductor Devices and Models I', 142, 6230),
(36242, 'Fundamentals of Nuclear Engineering', 143, 2400),
(36243, 'TECH FUNDAMENTALS FOR ANALYTIC', 160, 6963),
(36244, 'Seminar in Sensory Culture', 137, 4010),
(36245, 'Philosophy Studies', 156, 2940),
(36246, 'Introduction to Environmental Engineering', 158, 2110),
(36247, 'ADV EXP METHODS & STATISTICS', 157, 6310),
(36248, 'RESEARCH', 135, 6980),
(36249, 'Introductory Astronomy and Astrophysics', 165, 2050),
(36250, 'CONSUMER BEHAVIOR & PROD DES', 160, 6962),
(36251, 'ENTERPRISE IT INTEGRATION', 160, 6965),
(36252, 'EVOLUTION,COGNITION & CULTURE', 146, 4961),
(36253, 'SOCIAL PROBLEMS & THE WIRE', 161, 1963),
(36254, 'Introductory Economics', 141, 1200),
(36255, 'Introduction to Literature', 154, 2110),
(36256, 'URBAN & ARCH HISTORY OF ROME', 137, 4966),
(36257, 'APPLIED PSYCHOACOUSTICS', 137, 6860),
(36258, 'Readings in Biochemistry/Biophysics', 149, 2940),
(36259, 'Special Projects in Astronomy', 165, 4940),
(36260, 'ACCT FOR REPORTING AND CONTROL', 160, 7740),
(36261, 'Communication Internship', 145, 4300),
(36262, 'Business Issues for Engineers and Scientists', 155, 6300),
(36263, 'AFFECTIVE COMPUTING', 140, 6961),
(36264, 'DRILL/LABORATORY', 166, 50),
(36265, 'Dissertation', 152, 9990),
(36266, 'Data Science', 140, 4350),
(36267, 'LATE ANTIQUITY (at SIENA COLL)', 146, 4003),
(36268, 'Life Drawing and Anatomy for Artists', 136, 4260),
(36269, 'Product Design and Innovation Design Studio I', 161, 1610),
(36270, 'Research Writing', 159, 6410),
(36271, 'Readings in Computer Science', 140, 6940),
(36272, 'Engineering Economics', 144, 4760),
(36273, 'ECONOMICS AND INSTITUTIONS', 160, 7730),
(36274, 'Readings in ISYE', 153, 6940),
(36275, 'NETWORKING LABORATORY II', 140, 6969),
(36276, 'Biomaterial Applications in Medicine', 148, 4560),
(36277, 'Experimental Methods and Statistics', 162, 4310),
(36278, 'Applied Micropaleontology', 168, 4200),
(36279, 'Chemical Biology', 152, 6710),
(36280, 'Undergraduate Research', 152, 2950),
(36281, 'Out-of-Classroom Experience in Chemistry', 152, 2930),
(36282, 'Special Projects', 155, 4980),
(36283, 'Chemical Engineering Laboratory I', 163, 4150),
(36284, 'Microbiology Lab', 135, 4320),
(36286, 'STRUCTURAL DYNAMICS', 143, 6962),
(36287, 'Master’s Thesis', 145, 6990),
(36288, 'Seminar in ISYE Research', 153, 6900),
(36289, 'Structural Geology', 168, 2120),
(36290, 'ART & CULTURE IN ITALY', 137, 4972),
(36291, 'Computer Components and Operations', 142, 2610),
(36292, 'Distributed Systems and Sensor Networks', 142, 6500),
(36293, 'Heating, Ventilation, and Air Conditioning', 143, 4760),
(36294, 'Medicinal Chemistry', 152, 6300),
(36295, 'LINGUISTICS OF COMPUTER LING', 157, 4963),
(36296, 'Advanced Structure and Bonding in Materials', 150, 6460),
(36297, 'Inorganic Chemistry II', 152, 4010),
(36298, 'Master’s Thesis', 157, 6990),
(36299, 'COMPUTER NETWORK LAB', 140, 4970),
(36300, 'RESEARCH INVESTIGATIONS', 137, 4160),
(36301, 'DSGN EXPERIMENTS FOR CHME LABS', 163, 4961),
(36302, 'DOCTORAL SEMINAR 2', 137, 6920),
(36303, 'Multivariable Calculus and Matrix Algebra', 151, 2010),
(36304, 'Dissertation', 133, 9990),
(36305, 'FINANCIAL MODELING', 160, 6520),
(36306, 'Organizational Behavior in High Performance O', 160, 4850),
(36307, 'Public Service/Professional Careers Internshi', 146, 4800),
(36308, 'Engineering Graphics for Civil Engineers', 134, 1200),
(36309, 'Introduction to Differential Equations', 151, 2400),
(36310, 'MATLS UNDER EXTREME CONDITIONS', 150, 4420),
(36311, 'Special Projects in Chemistry', 152, 2940),
(36312, 'INTERACTIVE VISUALIZATION', 140, 6960),
(36313, 'Information Technology and Web Science Capsto', 155, 4100),
(36314, 'Air and Space Studies 300A (Air Force Leaders', 169, 2050),
(36315, 'User-Centered Design', 145, 6770),
(36316, 'Calculus II', 151, 1020),
(36317, 'Professional Development II: Leadership Theor', 162, 4170),
(36318, 'Senior Thesis', 152, 4990),
(36319, 'Partial Differential Equations', 151, 6500),
(36320, 'Business Implications of Emerging Technologie', 160, 6060),
(36321, 'Architectural Acoustics 1', 137, 4840),
(36322, 'Introduction to Finite Elements', 134, 4240),
(36323, 'STS COLLOQUIUM', 147, 6962),
(36324, 'Biology Core Course 1', 135, 6510),
(36325, 'Mechatronics', 142, 4090),
(36326, 'Digital Signal Compression: Data Compression ', 142, 6570),
(36327, 'EVOLUTION,COGNITION & CULTURE', 147, 4961),
(36328, 'Molecular Biochemistry I', 152, 4760),
(36329, 'Cost Accounting', 160, 4230),
(36330, 'Managerial Economics', 141, 2010),
(36331, 'HORMONES, PLASTICITY & COG', 157, 4961),
(36332, 'Engineering Processes', 144, 1300),
(36333, 'Introduction to Financial Mathematics and Eng', 151, 4740),
(36334, 'MATH MODELS OF OPERATIONS', 153, 4770),
(36335, 'Introduction to Nuclear Engineering', 143, 1100),
(36336, 'Readings in Chemical Engineering', 163, 4940),
(36337, 'Bioremediation of Hazardous and Toxic Compoun', 158, 6300),
(36338, 'Senior Research', 151, 4950),
(36339, 'Electronic Instrumentation', 144, 2300),
(36350, 'Astrophysics Undergraduate Seminar', 165, 4900),
(36355, 'INVENTION, INNOV & ENTREPREN', 160, 6640),
(36359, 'Seepage, Drainage, and Groundwater', 134, 6530),
(36360, 'Intelligent Transportation Systems', 134, 6240),
(36361, 'Advanced Soil Mechanics', 134, 6510),
(36364, 'Public Finance', 141, 4160),
(36365, 'Structure of Industry:  Competition, Innovati', 141, 4140),
(36366, 'Economics of Government Regulation', 141, 4150),
(36368, 'Abnormal Psychology', 162, 4720),
(36369, 'Writing for Classroom and Career', 159, 1110),
(36370, 'Moral Development', 162, 2600),
(36371, 'Visual Literacy', 145, 4660),
(36372, 'Metaphysics and Consciousness', 156, 4480),
(36373, 'Cognition and the Brain', 157, 4600),
(36374, 'Moral Development', 156, 2600),
(36375, 'Chinese III', 176, 2420),
(36376, 'Visual Literacy', 145, 6660),
(36377, 'Ethnography and Cultural Analysis', 145, 6410),
(36378, 'Advertising and Culture', 145, 4580),
(36380, 'Evolution', 135, 4860),
(36381, 'Sequence Analysis', 135, 6410),
(36382, 'Professional Practice', 134, 2040),
(36384, 'Sedimentology/Stratigraphy', 168, 4070),
(36385, 'Organic Geochemistry', 168, 4540),
(36386, 'Environmental Measurements', 168, 4190),
(36388, 'American Politics in Crisis', 147, 2290),
(36389, 'Complex Analysis', 151, 6300),
(36390, 'Consumer Culture', 147, 4720),
(36391, 'Consumer Culture', 146, 4720),
(36392, 'Sustainability Education', 147, 4280),
(36393, '21st Century Risks—Robotics, Nanotechnology', 147, 4330),
(36394, 'Sociology', 147, 1520),
(36395, 'Cultural Anthropology', 147, 1510),
(36396, 'Numerical Solution of Partial Differential Eq', 151, 6840),
(36542, 'Advanced Drawing', 136, 6200),
(36543, 'Advanced Digital Imaging', 136, 6860),
(36544, 'Rethinking Documentary: Video Production', 136, 4040),
(36545, 'GLOBAL BUSINESS & SOCIAL RESP.', 160, 7750),
(36546, 'Rethinking Documentary: Video Production', 136, 6050),
(36547, 'Advanced Digital Imaging', 136, 4860),
(36548, 'Radiation Technology and Applications', 143, 6260),
(36549, 'Advanced Thermodynamics', 143, 6540),
(36550, 'Applied Atomic and Nuclear Physics', 143, 4410),
(36551, 'World Music', 136, 2520),
(36552, 'MAKING BUSINESS HAPPEN', 160, 6530),
(36553, 'Life Drawing and Anatomy for Artists', 136, 6260),
(36554, 'Advanced Digital 3-D Projects', 136, 4020),
(36555, 'Painting', 136, 6220),
(36556, 'Game Development II', 136, 4540),
(36557, 'Systems Analysis Techniques', 143, 6600),
(36558, 'MULTIPHASE FLOW & HT I', 143, 6840),
(36559, 'Environment and Social Theory', 147, 6300),
(36560, 'Research Methods in STS', 147, 6110),
(36561, 'Animation I', 136, 4060),
(36562, 'Atomic and Nuclear Physics Applications', 143, 6390),
(36563, 'Creative Seminar II', 136, 4850),
(36564, 'Music Theory II', 136, 4400),
(36565, 'Data Resource Management', 160, 4170),
(36566, 'Science Studies', 147, 6200),
(36567, 'Art, Community, and Technology', 136, 4080),
(36568, 'Science Fictions', 136, 6640),
(36569, 'Science Fictions', 136, 4640),
(36570, 'AFFECTIVE COMPUTING', 140, 4968),
(36571, 'HACTIVSIM', 136, 6965),
(36572, 'VIS GAMES, EYE DATE & EXT EXP', 157, 6963),
(36573, 'WRITING FOR SHORT FILM', 136, 4962),
(36574, 'Biophotonics', 148, 4440),
(36575, 'COMPUTATIONAL AXIOMATIC SCI', 140, 4969),
(36576, 'SEMANTICS AND DISCOURSE', 157, 4965),
(36577, 'WRITING (ART) PRACTICE', 136, 6960),
(36578, 'MASONRY DESIGN', 134, 6961),
(36579, 'HORMONES, BRAIN & BEHAVIOR', 157, 4961),
(36580, 'DEMOCRASY, INSIGHT & PRACTICE', 156, 2961),
(36581, 'SEM NEW PERF INSTRUMENTATION', 136, 4963),
(36582, 'CENTURY OF ENVIR THOUGHT', 161, 1963),
(36583, 'RELIGION & SOCIETY', 147, 4963),
(36584, 'An Architectural Genealogy 1', 137, 4100),
(36585, 'THE 50 MOST IMPORTANT IDEAS', 147, 4965),
(36586, 'AERODYNAMIC FLOW CONTROL', 143, 6965),
(36587, 'Digital Constructs 3', 137, 2540),
(36588, 'ECO-CHIC: LIVING ART', 136, 4964),
(36591, 'METHODS I', 137, 6965),
(36592, 'EXPLORING MOVEMENT & SOUND', 136, 6961),
(36593, 'FUNDAMENTAL GEOMECHANICS', 134, 6960),
(36594, 'Cell Biomechanics', 148, 6550),
(36595, 'EXPLORING MOVEMENT & SOUND', 136, 4961),
(36596, 'INTERNATIONAL TRADE', 141, 4963),
(36597, 'IRISH LITERATURE', 154, 4960),
(36598, 'PSYCHOLOGY OF GENDER', 162, 4960),
(36599, 'HACTIVISM', 136, 4965),
(36600, 'Architectural Design Studio 3', 137, 2820),
(36601, 'BME SEMINAR', 148, 4960),
(36602, 'HORMONES, BRAIN & BEHAVIOR', 162, 4961),
(36603, 'CRITICISM I', 137, 6964),
(36604, 'COMPUTATIONAL AXIOMATIC SCI', 140, 6967),
(36605, 'RELIGION & SOCIETY', 156, 4962),
(36606, 'COG SUBECONOMICS ANALYSIs', 162, 4962),
(36607, 'COMPUTATIONAL AXIOMATIC SCI', 157, 6966),
(36608, 'COMPUTATIONAL AXIOMATIC SCI', 156, 4966),
(36609, 'SEMANTICS AND DISCOURSE', 157, 6965),
(36610, 'WRITING (ART) PRACTICE', 136, 4960),
(36611, 'ROBOTICS I', 143, 4963),
(36612, 'FINANCIAL ECONOMICS', 141, 4962),
(36613, 'BME SEMINAR', 148, 6960),
(36614, 'Biophotonics', 148, 6440),
(36615, 'MATH TEACHING & MENTORING', 151, 4960),
(36616, 'WRIT FOR PEER-REVIEWED JOURNAL', 159, 6960),
(36617, 'DES NUC SYS SAFETY & OPS II', 143, 4961),
(36618, 'Modernity in Culture, Civilization, and Archi', 137, 4130),
(36619, 'SEM NEW PERF INSTRUMENTATION', 136, 6963),
(36620, 'PHYSICAL CHEMISTRY OF POLYMERS', 163, 4960),
(36621, 'Networks, Innovation, and Value Creation', 160, 4960),
(36622, 'INTEGRATED DESIGN SCHEMATIC', 137, 4963),
(36623, 'ACCELERATED STATISTICAL METHOD', 160, 2960),
(36624, 'Architectural Design Studio 5', 137, 4770),
(36625, 'MOLECULAR SEPARATIONS', 163, 4962),
(36626, 'MOLECULAR SEPARATIONS', 163, 6962),
(36627, 'Professional Practice 2', 137, 4550),
(36628, 'STUDENT MANAGED FUND', 160, 4961),
(36629, 'SEMINAR IN ADV GEOMICROBIOLOGY', 168, 6960),
(36630, 'DATA ANALYSIS', 160, 6964),
(36631, 'COMPUTATIONAL FINANCE', 140, 6960),
(36632, 'COMPUTATIONAL FINANCE', 140, 4960),
(36633, 'SEMINAR IN ADV GEOMICROBIOLOGY', 168, 4960),
(36634, 'Structures 2', 137, 4330),
(36635, 'PHYSICAL CHEMISTRY OF POLYMERS', 163, 6960),
(36636, 'Advanced Networking Practicum', 140, 4680),
(36637, 'NETW, INNOV & VALUE CREATION I', 160, 6080),
(36639, 'SENSITIVE SKINS', 137, 4964),
(36640, 'Analog IC Design', 142, 4030),
(36641, 'COMP VISION FOR VIS EFFECTS', 142, 6963),
(36642, 'Finite-State Machine Theory', 142, 6750),
(36643, 'Nonlinear Control Systems', 142, 6420),
(36644, 'Surge Phenomena in Electric Power Engineering', 142, 6160),
(36645, 'Information Theory and Coding', 142, 6530),
(36646, 'Computer Architecture, Networks, and Operatin', 142, 2660),
(36647, 'LATIN AMERICAN ARCHITECTURE', 137, 4961),
(36648, 'PIP PLANNING SEMINAR', 137, 4960),
(36649, 'LAKE GEORGE BLUE', 135, 4960),
(36650, 'Design of Experiments', 153, 4330),
(36651, 'Stochastic Processes and Modeling', 151, 6660),
(36652, 'COMP VISION FOR VISUAL EFFECTS', 142, 4960),
(36654, 'FUND OF SOLID STATE LGHTNG SYS', 142, 4964),
(36655, 'INTERNATIONAL FINANCE', 141, 4960),
(36656, 'FUTURISM: UTOPIAS & DYSTOPIAS', 147, 4965),
(36657, 'Electrical and Optical Properties of Material', 150, 4200),
(36658, 'MGMT CAPSTONE CONSULTATION', 160, 4963),
(36659, 'MULTI-DISCIPLINARY CAP DESIGN', 160, 4962),
(36661, 'MODEL PREDICTIVE CONTROL', 163, 4961),
(36662, 'PERFORMANCE FOR THE CAMERA', 136, 4969),
(36663, 'MODEL PREDICTIVE CONTROL', 163, 6961),
(36664, 'Economy, Technology, & Sustainability', 141, 4250);
INSERT INTO `Courses` (`id`, `name`, `department_id`, `number`) VALUES
(36671, 'Cell Biomechanics', 148, 4550),
(36672, 'SENSIBILITIESWRITING:XDISCIPLN', 136, 6960),
(36673, 'SENSIBILITIES:WRITINGXDISCIPLN', 136, 4960),
(36674, 'Kinematic Synthesis', 143, 6110),
(36675, 'Programming in Python', 140, 2961),
(36676, 'MESTIXO ROBOTICS', 137, 4969),
(36677, 'SENSIBILITIES:WRITINGXDISCIPLN', 157, 6964),
(36678, 'SENSIBILITIES:WRITINGXDISCIPLN', 157, 4964),
(36679, 'MESTIZO ROBOTICS', 137, 4968),
(36682, 'DISTRIBUTED SYSTEMS', 140, 4963),
(36683, 'DISTRIBUTED SYSTEMS', 140, 6963),
(36684, 'Out-of-Classroom Experience in Earth Sciences', 168, 4970),
(36685, 'DENSITY FUNCTIONAL THEORY', 133, 4960),
(36687, 'STRUCTURES I', 137, 5140),
(36688, 'GRADUATE ARCH DESIGN I', 137, 5200),
(36689, 'MATERIALS & CONSTRUCTION STMS', 137, 5300),
(36690, 'DIGITAL CONSTRUCTS I', 137, 5160),
(36691, 'HISTORY, THEORY, CRITICISM I', 137, 5100),
(36692, 'FRONTIERS OF NETWORK SCIENCE', 140, 4960),
(36693, 'FRONTIERS OF NETWORK SCIENCE', 140, 6960),
(36694, 'ELECTORMAGNETIC RAD & PHY OPTI', 133, 4962),
(36695, 'ECONOMY,TECH, & SUSTAINABILITY', 147, 4967),
(36697, 'GEOLOGY I; LAB', 168, 1961),
(36698, 'COGNITIVE COMPUTING', 140, 6964),
(36699, 'COGNITIVE COMPUTING', 140, 4964),
(36700, 'Elementary Particle Physics', 133, 4620),
(36701, 'PROJECTS IN BIG DATA ANALYTICS', 153, 4961),
(36702, 'International Project Management', 160, 4390),
(36703, 'MESTIZO ROBOTICS', 137, 4969),
(36704, 'PROJECTS IN BIG DATA ANALYTICS', 153, 6961),
(36705, 'DENSITY FUNCTIONAL THEORY', 133, 6960),
(36706, 'Derivatives Markets', 160, 4380),
(36707, 'MALWARE ANALYSIS', 140, 6976),
(36708, 'INTERSTELLAR MEDIUM', 165, 6960),
(36709, 'MALWARE ANALYSIS', 140, 4976),
(36710, 'INTERSTELLAR MEDIUM', 165, 4960),
(36711, 'Power Generation Operation and Control', 142, 6140),
(36712, 'Convective Heat Transfer', 143, 6650),
(36714, 'PSYCOMETRICS (PhD)', 160, 6969),
(36715, 'METHODS I', 137, 6420),
(36716, 'ADV DATA RESOURCE MGMT', 160, 6971),
(36717, 'CAREERS IN CHEMICAL ENGR', 163, 4963),
(36718, 'BIOMECHANICS II', 148, 4961),
(36719, 'GRADUATE ARCHITECHURE DESIGN 3', 137, 6610),
(36720, 'STRUCTURES 2', 137, 5150),
(36721, 'TECH IDEAS & INNOVATION TOOLS', 143, 2961),
(36722, 'HACTIVISM', 136, 6965),
(36723, 'CRITICISM I', 137, 6400),
(36724, 'Introduction to Visual Communication', 145, 2610),
(36725, 'ORIENTATION SEM FOR GRADS', 170, 6700),
(36726, 'INTRODUCTION TO ECSE ANALYSIS', 142, 1961),
(36727, 'GRAD ENVIRO PARAMETRICS', 137, 6380),
(36731, 'Communication Theory', 145, 6510),
(36732, 'Numerical Solution of Partial Differential Eq', 140, 6840),
(36733, 'LINE AS TECHNIQUE', 137, 4964),
(36734, 'DEMOCRACY, INSIGHT & PRACTICE', 156, 2961);

-- --------------------------------------------------------

--
-- Table structure for table `Departments`
--

CREATE TABLE IF NOT EXISTS `Departments` (
  `id` int(11) NOT NULL,
  `name` varchar(45) NOT NULL,
  `amount` int(11) NOT NULL
) ENGINE=InnoDB DEFAULT CHARSET=latin1;

--
-- Dumping data for table `Departments`
--

INSERT INTO `Departments` (`id`, `name`, `amount`) VALUES
(133, 'Physics', 0),
(134, 'Civil Engineering', 0),
(135, 'Biology', 0),
(136, 'Arts', 0),
(137, 'Architecture', 0),
(138, 'Mathematical Programming, Probability, and St', 0),
(139, 'Lighting', 0),
(140, 'Computer Science', 0),
(141, 'Economics', 0),
(142, 'Electrical, Computer, and Systems Engineering', 0),
(143, 'Mechanical, Aerospace, and Nuclear Engineerin', 0),
(144, 'General Engineering', 0),
(145, 'Communication', 0),
(146, 'Science and Technology Studies (Humanities Co', 0),
(147, 'Science and Technology Studies (Social Scienc', 0),
(148, 'Biomedical Engineering', 0),
(149, 'Biochemistry and Biophysics', 0),
(150, 'Materials Science and Engineering', 0),
(151, 'Mathematics', 0),
(152, 'Chemistry', 0),
(153, 'Industrial and Systems Engineering', 0),
(154, 'Literature', 0),
(155, 'Information Technology and Web Science', 0),
(156, 'Philosophy', 0),
(157, 'Cognitive Science', 0),
(158, 'Environmental Engineering', 0),
(159, 'Writing', 0),
(160, 'Management', 0),
(161, 'Interdisciplinary Studies', 0),
(162, 'Psychology', 0),
(163, 'Chemical Engineering', 0),
(164, 'Interdisciplinary Science', 0),
(165, 'Astronomy', 0),
(166, 'Naval Science (Navy ROTC)', 0),
(167, 'Military Science (Army ROTC)', 0),
(168, 'Earth and Environmental Sciences', 0),
(169, 'Aerospace Studies (Air Force ROTC)', 0),
(170, 'Administration', 0),
(171, 'Engineering Science', 0),
(172, 'Electrical, Computer, and Systems Engineering', 0),
(173, 'Exchange (Study Abroad)', 0),
(174, 'Cooperative Education', 0),
(175, 'Interdisciplinary Environmental', 0),
(176, 'Foreign Languages', 0);

-- --------------------------------------------------------

--
-- Table structure for table `Session`
--

CREATE TABLE IF NOT EXISTS `Session` (
  `id` int(11) NOT NULL,
  `major` text NOT NULL,
  `year` text NOT NULL,
  `taken` text NOT NULL,
  `keep` text NOT NULL,
  `amount` int(11) NOT NULL,
  `department_id` int(11) NOT NULL
) ENGINE=InnoDB AUTO_INCREMENT=618 DEFAULT CHARSET=latin1;

--
-- Dumping data for table `Session`
--

INSERT INTO `Session` (`id`, `major`, `year`, `taken`, `keep`, `amount`, `department_id`) VALUES
(1, 'Computer Science', 'Freshman', '', '', 0, 0),
(2, 'Computer Science', 'Freshman', '', '', 0, 0),
(3, 'NULL', 'NULL', '', '', 0, 0),
(4, 'NULL', 'NULL', '', '', 0, 0),
(5, 'NULL', 'NULL', '', '', 0, 0),
(6, 'NULL', 'NULL', '', '', 0, 0),
(7, 'NULL', 'NULL', '', '', 0, 0),
(8, 'NULL', 'NULL', '', '', 0, 0),
(9, 'NULL', 'NULL', '', '', 0, 0),
(10, 'Computer Science', 'Freshman', '', '', 0, 0),
(11, 'Psycology', 'Sophomore', '', '', 0, 0),
(12, 'NULL', 'NULL', '', '', 0, 0),
(13, 'NULL', 'NULL', '', '', 0, 0),
(14, 'NULL', 'NULL', '', '', 0, 0),
(15, 'NULL', 'NULL', '', '', 0, 0),
(16, 'NULL', 'NULL', '', '', 0, 0),
(17, 'NULL', 'NULL', '', '', 0, 0),
(18, 'NULL', 'NULL', '', '', 0, 0),
(19, 'NULL', 'NULL', '', '', 0, 0),
(20, 'NULL', 'NULL', '', '', 0, 0),
(21, 'NULL', 'NULL', '', '', 0, 0),
(22, 'NULL', 'NULL', '', '', 0, 0),
(23, 'NULL', 'NULL', '', '', 0, 0),
(24, 'NULL', 'NULL', '', '', 0, 0),
(25, 'NULL', 'NULL', '', '', 0, 0),
(26, 'NULL', 'NULL', '', '', 0, 0),
(27, 'NULL', 'NULL', '', '', 0, 0),
(28, 'NULL', 'NULL', '', '', 0, 0),
(29, 'NULL', 'NULL', '', '', 0, 0),
(30, 'NULL', 'NULL', '', '', 0, 0),
(31, 'NULL', 'NULL', '', '', 0, 0),
(32, 'NULL', 'NULL', '', '', 0, 0),
(33, 'NULL', 'NULL', '', '', 0, 0),
(34, 'NULL', 'NULL', '', '', 0, 0),
(35, 'NULL', 'NULL', '', '', 0, 0),
(36, 'NULL', 'NULL', '', '', 0, 0),
(37, 'NULL', 'NULL', '', '', 0, 0),
(38, 'NULL', 'NULL', '', '', 0, 0),
(39, 'NULL', 'NULL', '', '', 0, 0),
(40, 'NULL', 'NULL', '', '', 0, 0),
(41, 'NULL', 'NULL', '', '', 0, 0),
(42, 'NULL', 'NULL', '', '', 0, 0),
(43, 'NULL', 'NULL', '', '', 0, 0),
(44, 'NULL', 'NULL', '', '', 0, 0),
(45, 'NULL', 'NULL', '', '', 0, 0),
(46, 'NULL', 'NULL', '', '', 0, 0),
(47, 'NULL', 'NULL', '', '', 0, 0),
(48, 'NULL', 'NULL', '', '', 0, 0),
(49, 'NULL', 'NULL', '', '', 0, 0),
(50, 'NULL', 'NULL', '', '', 0, 0),
(51, 'NULL', 'NULL', '', '', 0, 0),
(52, 'NULL', 'NULL', '', '', 0, 0),
(53, 'NULL', 'NULL', '', '', 0, 0),
(54, 'NULL', 'NULL', '', '', 0, 0),
(55, 'NULL', 'NULL', '', '', 0, 0),
(56, 'NULL', 'NULL', '', '', 0, 0),
(57, 'NULL', 'NULL', '', '', 0, 0),
(58, 'NULL', 'NULL', '', '', 0, 0),
(59, 'NULL', 'NULL', '', '', 0, 0),
(60, 'NULL', 'NULL', '', '', 0, 0),
(61, 'NULL', 'NULL', '', '', 0, 0),
(62, 'NULL', 'NULL', '', '', 0, 0),
(63, 'NULL', 'NULL', '', '', 0, 0),
(64, 'NULL', 'NULL', '', '', 0, 0),
(65, 'NULL', 'NULL', '', '', 0, 0),
(66, 'NULL', 'NULL', '', '', 0, 0),
(67, 'NULL', 'NULL', '', '', 0, 0),
(68, 'NULL', 'NULL', '', '', 0, 0),
(69, 'NULL', 'NULL', '', '', 0, 0),
(70, 'NULL', 'NULL', '', '', 0, 0),
(71, 'NULL', 'NULL', '', '', 0, 0),
(72, 'NULL', 'NULL', '', '', 0, 0),
(73, 'NULL', 'NULL', '', '', 0, 0),
(74, 'NULL', 'NULL', '', '', 0, 0),
(75, 'NULL', 'NULL', '', '', 0, 0),
(76, 'NULL', 'NULL', '', '', 0, 0),
(77, 'NULL', 'NULL', '', '', 0, 0),
(78, 'NULL', 'NULL', '', '', 0, 0),
(79, 'NULL', 'NULL', '', '', 0, 0),
(80, 'NULL', 'NULL', '', '', 0, 0),
(81, 'NULL', 'NULL', '', '', 0, 0),
(82, 'NULL', 'NULL', '', '', 0, 0),
(83, 'NULL', 'NULL', '', '', 0, 0),
(84, 'NULL', 'NULL', '', '', 0, 0),
(85, 'NULL', 'NULL', '', '', 0, 0),
(86, 'NULL', 'NULL', '', '', 0, 0),
(87, 'NULL', 'NULL', '', '', 0, 0),
(88, 'NULL', 'NULL', '', '', 0, 0),
(89, 'NULL', 'NULL', '', '', 0, 0),
(90, 'NULL', 'NULL', '', '', 0, 0),
(91, 'NULL', 'NULL', '', '', 0, 0),
(92, 'NULL', 'NULL', '', '', 0, 0),
(93, 'NULL', 'NULL', '', '', 0, 0),
(94, 'NULL', 'NULL', '', '', 0, 0),
(95, 'NULL', 'NULL', '', '', 0, 0),
(96, 'NULL', 'NULL', '', '', 0, 0),
(97, 'NULL', 'NULL', '', '', 0, 0),
(98, 'NULL', 'NULL', '', '', 0, 0),
(99, 'NULL', 'NULL', '', '', 0, 0),
(100, 'NULL', 'NULL', '', '', 0, 0),
(101, 'NULL', 'NULL', '', '', 0, 0),
(102, 'NULL', 'NULL', '', '', 0, 0),
(103, 'NULL', 'NULL', '', '', 0, 0),
(104, 'NULL', 'NULL', '', '', 0, 0),
(105, 'NULL', 'NULL', '', '', 0, 0),
(106, 'NULL', 'NULL', '', '', 0, 0),
(107, 'NULL', 'NULL', '', '', 0, 0),
(108, 'NULL', 'NULL', '', '', 0, 0),
(109, 'NULL', 'NULL', '', '', 0, 0),
(110, 'NULL', 'NULL', '', '', 0, 0),
(111, 'NULL', 'NULL', '', '', 0, 0),
(112, 'NULL', 'NULL', '', '', 0, 0),
(113, 'NULL', 'NULL', '', '', 0, 0),
(114, 'NULL', 'NULL', '', '', 0, 0),
(115, 'NULL', 'NULL', '', '', 0, 0),
(116, 'NULL', 'NULL', '', '', 0, 0),
(117, 'NULL', 'NULL', '', '', 0, 0),
(118, 'Computer Science', 'Freshman', '', '', 0, 0),
(119, 'Computer Science', 'Junior', '', '', 0, 0),
(120, 'Computer Science', 'Junior', '', '', 0, 0),
(121, 'NULL', 'NULL', '', '', 0, 0),
(122, 'NULL', 'NULL', '', '', 0, 0),
(123, 'NULL', 'NULL', '', '', 0, 0),
(124, 'NULL', 'NULL', '', '', 0, 0),
(125, 'NULL', 'NULL', '', '', 0, 0),
(126, 'NULL', 'NULL', '', '', 0, 0),
(127, 'NULL', 'NULL', '', '', 0, 0),
(128, 'NULL', 'NULL', '', '', 0, 0),
(129, 'NULL', 'NULL', '', '', 0, 0),
(130, 'NULL', 'NULL', '', '', 0, 0),
(131, 'NULL', 'NULL', '', '', 0, 0),
(132, 'NULL', 'NULL', '', '', 0, 0),
(133, 'NULL', 'NULL', '', '', 0, 0),
(134, 'NULL', 'NULL', '', '', 0, 0),
(135, 'NULL', 'NULL', '', '', 0, 0),
(136, 'NULL', 'NULL', '', '', 0, 0),
(137, 'NULL', 'NULL', '', '', 0, 0),
(138, 'NULL', 'NULL', '', '', 0, 0),
(139, 'NULL', 'NULL', '', '', 0, 0),
(140, 'NULL', 'NULL', '', '', 0, 0),
(141, 'NULL', 'NULL', '', '', 0, 0),
(142, 'NULL', 'NULL', '', '', 0, 0),
(143, 'NULL', 'NULL', '', '', 0, 0),
(144, 'Computer Science', 'Freshman', '', '', 0, 0),
(145, 'NULL', 'NULL', '', '', 0, 0),
(146, 'Computer Science', 'Freshman', '', '', 0, 0),
(147, 'NULL', 'NULL', '', '', 0, 0),
(148, 'Computer Science', 'Freshman', '', '', 0, 0),
(149, 'NULL', 'NULL', '', '', 0, 0),
(150, 'NULL', 'NULL', '', '', 0, 0),
(151, 'NULL', 'NULL', '', '', 0, 0),
(152, 'NULL', 'NULL', '', '', 0, 0),
(153, 'Computer Science', 'Freshman', '', '', 0, 0),
(154, 'NULL', 'NULL', '', '', 0, 0),
(155, 'NULL', 'NULL', '', '', 0, 0),
(156, 'NULL', 'NULL', '', '', 0, 0),
(157, 'NULL', 'NULL', '', '', 0, 0),
(158, 'Computer Science', 'Freshman', '', '', 0, 0),
(159, 'Computer Science', 'Freshman', '', '', 0, 0),
(160, 'NULL', 'NULL', '', '', 0, 0),
(161, 'Computer Science', 'Freshman', '', '', 0, 0),
(162, 'NULL', 'NULL', '', '', 0, 0),
(163, 'Computer Science', 'Freshman', '', '', 0, 0),
(164, 'NULL', 'NULL', '', '', 0, 0),
(165, 'NULL', 'NULL', '', '', 0, 0),
(166, 'NULL', 'NULL', '', '', 0, 0),
(167, 'Computer Science', 'Freshman', '', '', 0, 0),
(168, 'Computer Science', 'Freshman', '', '', 0, 0),
(169, 'Computer Science', 'Freshman', '', '', 0, 0),
(170, 'NULL', 'NULL', '', '', 0, 0),
(171, 'NULL', 'NULL', '', '', 0, 0),
(172, 'NULL', 'NULL', '', '', 0, 0),
(173, 'NULL', 'NULL', '', '', 0, 0),
(174, 'NULL', 'NULL', '', '', 0, 0),
(175, 'NULL', 'NULL', '', '', 0, 0),
(176, 'NULL', 'NULL', '', '', 0, 0),
(177, 'NULL', 'NULL', '', '', 0, 0),
(178, 'NULL', 'NULL', '', '', 0, 0),
(179, 'NULL', 'NULL', '', '', 0, 0),
(180, 'NULL', 'NULL', '', '', 0, 0),
(181, 'NULL', 'NULL', '', '', 0, 0),
(182, 'NULL', 'NULL', '', '', 0, 0),
(183, 'NULL', 'NULL', '', '', 0, 0),
(184, 'NULL', 'NULL', '', '', 0, 0),
(185, 'NULL', 'NULL', '', '', 0, 0),
(186, 'NULL', 'NULL', '', '', 0, 0),
(187, 'NULL', 'NULL', '', '', 0, 0),
(188, 'NULL', 'NULL', '', '', 0, 0),
(189, 'NULL', 'NULL', '', '', 0, 0),
(190, 'NULL', 'NULL', '', '', 0, 0),
(191, 'NULL', 'NULL', '', '', 0, 0),
(192, 'NULL', 'NULL', '', '', 0, 0),
(193, 'NULL', 'NULL', '', '', 0, 0),
(194, 'NULL', 'NULL', '', '', 0, 0),
(195, 'Computer Science', 'Freshman', '', '', 0, 0),
(196, 'Computer Science', 'Freshman', '', '', 0, 0),
(197, 'Computer Science', 'Freshman', '', '', 0, 0),
(198, 'Computer Science', 'Freshman', '', '', 0, 0),
(199, 'Computer Science', 'Freshman', '', '', 0, 0),
(200, 'Computer Science', 'Freshman', '', '', 0, 0),
(201, 'Computer Science', 'Sophomore', '', '', 0, 0),
(202, 'Computer Science', 'Freshman', '', '', 0, 0),
(203, 'Computer Science', 'Freshman', '', '', 0, 0),
(204, 'Computer Science', 'Freshman', '', '', 0, 0),
(205, 'Psycology', 'Junior', '', '', 0, 0),
(206, 'Physics', 'Senior', '', '', 0, 0),
(207, 'Engineering', 'Freshman', '', '', 0, 0),
(208, 'Art', 'Senior', '', '', 0, 0),
(209, 'Art', 'Junior', '', '', 0, 0),
(210, 'Computer Science', 'Freshman', '', '', 0, 0),
(211, 'Computer Science', 'Freshman', '', '', 0, 0),
(212, 'Chemical Engineering', 'Sophomore', '', '', 0, 0),
(213, 'Electrical Engineering', 'Senior', '', '', 0, 0),
(214, 'Electrical Engineering', 'Freshman', '', '', 0, 0),
(215, 'Computer Science', 'Freshman', '', '', 0, 0),
(216, 'Computer Science', 'Sophomore', '', '', 0, 0),
(217, 'Computer Science', 'Sophomore', '', '', 0, 0),
(218, 'Computer Science', 'Sophomore', '', '', 0, 0),
(219, 'Computer Science', 'Sophomore', '', '', 0, 0),
(220, 'Computer Science', 'Sophomore', '', '', 0, 0),
(221, 'Computer Science', 'Freshman', '', '', 0, 0),
(222, 'Computer Science', 'Freshman', '', '', 0, 0),
(223, 'Computer Science', 'Sophomore', '', '', 0, 0),
(224, 'Computer Science', 'Sophomore', '', '', 0, 0),
(225, 'Computer Science', 'Sophomore', '', '', 0, 0),
(226, 'Computer Science', 'Sophomore', '', '', 0, 0),
(227, 'Computer Science', 'Sophomore', '', '', 0, 0),
(228, 'Computer Science', 'Sophomore', '', '', 0, 0),
(229, 'Computer Science', 'Sophomore', '', '', 0, 0),
(230, 'Computer Science', 'Sophomore', '', '', 0, 0),
(231, 'Computer Science', 'Freshman', '', '', 0, 0),
(232, 'Computer Science', 'Freshman', '', '', 0, 0),
(233, 'Computer Science', 'Sophomore', '', '', 0, 0),
(234, 'Computer Science', 'Sophomore', '', '', 0, 0),
(235, 'Computer Science', 'Sophomore', '', '', 0, 0),
(236, 'Computer Science', 'Freshman', '', '', 0, 0),
(237, 'Computer Science', 'Sophomore', '', '', 0, 0),
(238, 'Computer Science', 'Sophomore', '', '', 0, 0),
(239, 'Computer Science', 'Sophomore', '', '', 0, 0),
(240, 'Computer Science', 'Sophomore', '', '', 0, 0),
(241, 'Computer Science', 'Freshman', '', '', 0, 0),
(242, 'Computer Science', 'Freshman', '', '', 0, 0),
(243, 'Computer Science', 'Freshman', '', '', 0, 0),
(244, 'Computer Science', 'Freshman', '', '', 0, 0),
(245, 'Computer Science', 'Sophomore', '', '', 0, 0),
(246, 'Computer Science', 'Sophomore', '', '', 0, 0),
(247, 'Computer Science', 'Freshman', '', '', 0, 0),
(248, 'Computer Science', 'Sophomore', '', '', 0, 0),
(249, 'Computer Science', 'Sophomore', '', '', 0, 0),
(250, 'Computer Science', 'Freshman', '', '', 0, 0),
(251, 'Computer Science', 'Freshman', '', '', 0, 0),
(252, 'Computer Science', 'Freshman', '', '', 0, 0),
(253, '', '', '', '', 0, 0),
(254, '', '', '', '', 0, 0),
(255, '', '', '', '', 0, 0),
(256, '', '', '', '', 0, 0),
(257, '', '', '', '', 0, 0),
(258, '', '', '', '', 0, 0),
(259, '', '', '', '', 0, 0),
(260, '', '', '', '', 0, 0),
(261, '', '', '', '', 0, 0),
(262, '', '', '', '', 0, 0),
(263, '', '', '', '', 0, 0),
(264, '', '', '', '', 0, 0),
(265, '', '', '', '', 0, 0),
(266, '', '', '', '', 0, 0),
(267, '', '', '', '', 0, 0),
(268, '', '', '', '', 0, 0),
(269, '', '', '', '', 0, 0),
(270, 'Computer Science', 'Freshman', '', '', 0, 0),
(271, 'Computer Science', 'Freshman', '', '', 0, 0),
(272, 'Computer Science', 'Freshman', '', '', 0, 0),
(273, 'Computer Science', 'Computer Science', '', '', 0, 0),
(274, 'Computer Science', 'Computer Science', '', '', 0, 0),
(275, 'Computer Science', 'Freshman', '', '', 0, 0),
(276, 'Computer Science', 'Freshman', '', '', 0, 0),
(277, '', '', '', '', 0, 0),
(278, 'Computer Science', 'Freshman', '', '', 0, 0),
(279, '', '', '', '', 0, 0),
(280, '', '', '', '', 0, 0),
(281, '', '', '', '', 0, 0),
(282, '', '', '', '', 0, 0),
(283, '', '', '', '', 0, 0),
(284, '', '', '', '', 0, 0),
(285, '', '', '', '', 0, 0),
(286, '', '', '', '', 0, 0),
(287, '', '', '', '', 0, 0),
(288, '', '', '', '', 0, 0),
(289, '', '', '', '', 0, 0),
(290, '', '', '', '', 0, 0),
(291, '', '', '', '', 0, 0),
(292, '', '', '', '', 0, 0),
(293, '', '', '', '', 0, 0),
(294, '', 'Freshman', '', '', 0, 0),
(295, 'Computer Science', 'Freshman', '', '', 0, 0),
(296, 'Computer Science', 'Freshman', '', '', 0, 0),
(297, 'Computer Science', 'Freshman', '', '', 0, 0),
(298, 'Computer Science', 'Freshman', '', '', 0, 0),
(299, 'Computer Science', 'Freshman', '', '', 0, 0),
(300, 'Computer Science', 'Freshman', '', '', 0, 0),
(301, 'Computer Science', 'Freshman', '', '', 0, 0),
(302, 'Computer Science', 'Freshman', '', '', 0, 0),
(303, 'Computer Science', 'Freshman', '', '', 0, 0),
(304, 'Computer Science', 'Freshman', '', '', 0, 0),
(305, 'Computer Science', 'Freshman', '', '', 0, 0),
(306, 'Computer Science', 'Freshman', '', '', 0, 0),
(307, 'Computer Science', 'Freshman', '', '', 0, 0),
(308, 'Computer Science', 'Freshman', '', '', 0, 0),
(309, 'Computer Science', 'Freshman', '', '', 0, 0),
(310, 'Computer Science', 'Freshman', '', '', 0, 0),
(311, 'Computer Science', 'Freshman', '', '', 0, 0),
(312, 'Computer Science', 'Freshman', '', '', 0, 0),
(313, 'Computer Science', 'Freshman', '', '', 0, 0),
(314, 'Computer Science', 'Freshman', '', '', 0, 0),
(315, 'Computer Science', 'Freshman', '', '', 0, 0),
(316, 'Computer Science', 'Freshman', '', '', 0, 0),
(317, 'Computer Science', 'Freshman', '', '', 0, 0),
(318, 'Computer Science', 'Freshman', '', '', 0, 0),
(319, 'Computer Science', 'Freshman', '', '', 0, 0),
(320, 'Computer Science', 'Freshman', '', '', 0, 0),
(321, 'Computer Science', 'Freshman', '', '', 0, 0),
(322, '', '', '', '', 0, 0),
(323, 'Computer Science', 'Freshman', '', '', 0, 0),
(324, 'Computer Science', 'Freshman', '', '', 0, 0),
(325, 'Computer Science', 'Freshman', '', '', 0, 0),
(326, 'Computer Science', 'Freshman', '', '', 0, 0),
(327, 'Computer Science', 'Freshman', '', '', 0, 0),
(328, 'Computer Science', 'Freshman', '', '', 0, 0),
(329, 'Computer Science', 'Freshman', '', '', 0, 0),
(330, 'Computer Science', 'Freshman', '', '', 0, 0),
(331, 'Computer Science', 'Freshman', '', '', 0, 0),
(332, 'Computer Science', 'Freshman', '', '', 0, 0),
(333, 'Computer Science', 'Freshman', '', '', 0, 0),
(334, 'Computer Science', 'Sophomore', '', '', 0, 0),
(335, 'Computer Science', 'Sophomore', '', '', 0, 0),
(336, 'Computer Science', 'Sophomore', '', '', 0, 0),
(337, 'Computer Science', 'Sophomore', '', '', 0, 0),
(338, 'Computer Science', 'Sophomore', '', '', 0, 0),
(339, 'Computer Science', 'Freshman', '', '', 0, 0),
(340, 'Computer Science', 'Freshman', '', '', 0, 0),
(341, 'Computer Science', 'Sophomore', '', '', 0, 0),
(342, 'Computer Science', 'Freshman', '', '', 0, 0),
(343, 'Computer Science', 'Freshman', '', '', 0, 0),
(344, 'Computer Science', 'Freshman', '', '', 0, 0),
(345, 'Computer Science', 'Freshman', '', '', 0, 0),
(346, 'Computer Science', 'Freshman', '', '', 0, 0),
(347, 'Computer Science', 'Freshman', '', '', 0, 0),
(348, 'Computer Science', 'Freshman', '', '', 0, 0),
(349, 'Computer Science', 'Freshman', '', '', 0, 0),
(350, 'Computer Science', 'Freshman', '', '', 0, 0),
(351, 'Computer Science', 'Freshman', '', '', 0, 0),
(352, 'Computer Science', 'Freshman', '', '', 0, 0),
(353, 'Computer Science', 'Freshman', '', '', 0, 0),
(354, 'Computer Science', 'Freshman', '', '', 0, 0),
(355, 'Computer Science', 'Sophomore', '', '', 0, 0),
(356, 'Computer Science', 'Freshman', '', '', 0, 0),
(357, 'Computer Science', 'Sophomore', '', '', 0, 0),
(358, 'Computer Science', 'Sophomore', '', '', 0, 0),
(359, 'Computer Science', 'Freshman', '', '', 0, 0),
(360, 'Computer Science', 'Freshman', '', '', 0, 0),
(361, 'Computer Science', 'Freshman', '', '', 0, 0),
(362, 'Computer Science', 'Freshman', '', '', 0, 0),
(363, 'Computer Science', 'Freshman', '', '', 0, 0),
(364, 'Computer Science', 'Sophomore', '', '', 0, 0),
(365, 'Computer Science', 'Freshman', '', '', 0, 0),
(366, 'Computer Science', 'Freshman', '', '', 0, 0),
(367, 'Computer Science', 'Freshman', '', '', 0, 0),
(368, 'Computer Science', 'Sophomore', '', '', 0, 0),
(369, 'Computer Science', 'Sophomore', '', '', 0, 0),
(370, 'Computer Science', 'Sophomore', '', '', 0, 0),
(371, 'Computer Science', 'Freshman', '', '', 0, 0),
(372, 'Computer Science', 'Freshman', '', '', 0, 0),
(373, 'Computer Science', 'Freshman', '', '', 0, 0),
(374, 'Computer Science', 'Sophomore', '', '', 0, 0),
(375, 'Computer Science', 'Freshman', '', '', 0, 0),
(376, 'Computer Science', 'Freshman', '', '', 0, 0),
(377, 'Computer Science', 'Freshman', '', '', 0, 0),
(378, 'Computer Science', 'Freshman', '', '', 0, 0),
(379, 'Electrical Engineering', 'Sophomore', '', '', 0, 0),
(380, 'Electrical Engineering', 'Sophomore', '', '', 0, 0),
(381, 'Computer Science', 'Sophomore', '', '', 0, 0),
(382, 'Computer Science', 'Freshman', '', '', 0, 0),
(383, 'Computer Science', 'Freshman', '', '', 0, 0),
(384, 'Computer Science', 'Freshman', '', '', 0, 0),
(385, 'Computer Science', 'Freshman', '', '', 0, 0),
(386, 'Computer Science', 'Freshman', '', '', 0, 0),
(387, 'Computer Science', 'Freshman', '', '', 0, 0),
(388, 'Computer Science', 'Freshman', '', '', 0, 0),
(389, 'Computer Science', 'Freshman', '', '', 0, 0),
(390, 'Computer Science', 'Freshman', '', '', 0, 0),
(391, 'Computer Science', 'Freshman', '', '', 0, 0),
(392, 'Computer Science', 'Freshman', '', '', 2, 0),
(393, 'Computer Science', 'Freshman', '', '', 0, 0),
(394, 'Computer Science', 'Sophomore', '', '', 0, 0),
(395, 'Computer Science', 'Freshman', '', '', 0, 0),
(396, 'Computer Science', 'Freshman', '', '', 0, 0),
(397, 'Computer Science', 'Freshman', '', '', 1, 0),
(398, 'Computer Science', 'Freshman', '', '', 0, 0),
(399, 'Computer Science', 'Freshman', '', '', 0, 0),
(400, 'Computer Science', 'Freshman', '', '', 0, 0),
(401, 'Computer Science', 'Freshman', '', '', 0, 0),
(402, 'Computer Science', 'Freshman', '', '', 0, 0),
(403, 'Computer Science', 'Freshman', '', '', 0, 0),
(404, 'Computer Science', 'Freshman', '', '', 0, 0),
(405, 'Computer Science', 'Freshman', '', '', 0, 0),
(406, 'Computer Science', 'Freshman', '', '', 0, 0),
(407, 'Computer Science', 'Freshman', '', '', 0, 0),
(408, 'Computer Science', 'Freshman', '', '', 0, 0),
(409, 'Computer Science', 'Freshman', '', '', 0, 0),
(410, 'Computer Science', 'Freshman', '', '', 0, 0),
(411, 'Computer Science', 'Freshman', '', '', 0, 0),
(412, 'Computer Science', 'Freshman', '', '', 0, 0),
(413, 'Computer Science', 'Freshman', '', '', 0, 0),
(414, 'Computer Science', 'Sophomore', '', '', 0, 0),
(415, 'Computer Science', 'Sophomore', '', '', 0, 0),
(416, 'Computer Science', 'Sophomore', '', '', 0, 0),
(417, 'Computer Science', 'Sophomore', '', '', 0, 0),
(418, 'Computer Science', 'Sophomore', '', '', 0, 0),
(419, 'Computer Science', 'Sophomore', '', '', 1, 0),
(420, 'Computer Science', 'Senior', '', '', 0, 0),
(421, 'Computer Science', 'Freshman', '', '', 0, 0),
(422, 'Computer Science', 'Freshman', '', '', 0, 0),
(423, 'Computer Science', 'Freshman', '', '', 0, 0),
(424, 'Computer Science', 'Freshman', '', '', 0, 0),
(425, 'Computer Science', 'Freshman', '', '', 4, 0),
(426, 'Computer Science', 'Freshman', '', '', 4, 0),
(427, 'Computer Science', 'Freshman', '', '', 4, 0),
(428, 'Computer Science', 'Freshman', '', '', 4, 0),
(429, 'Computer Science', 'Freshman', '', '', 4, 0),
(430, 'Computer Science', 'Freshman', '', '', 4, 0),
(431, 'Computer Science', 'Freshman', '', '', 4, 0),
(432, 'Computer Science', 'Sophomore', '', '', 4, 0),
(433, 'Computer Science', 'Sophomore', '', '', 4, 0),
(434, 'Computer Science', 'Sophomore', '', '', 4, 0),
(435, 'Computer Science', 'Freshman', '', '', 4, 0),
(436, 'Computer Science', 'Freshman', '', '', 4, 0),
(437, 'Computer Science', 'Freshman', '', '', 4, 0),
(438, 'Computer Science', 'Freshman', '', '', 4, 0),
(439, 'Computer Science', 'Freshman', '', '', 4, 0),
(440, 'Computer Science', 'Freshman', '', '', 4, 0),
(441, 'Computer Science', 'Freshman', '', '', 4, 0),
(442, 'Computer Science', 'Freshman', '', '', 4, 0),
(443, 'Computer Science', 'Freshman', '', '', 4, 0),
(444, 'Computer Science', 'Freshman', '', '', 4, 0),
(445, 'Computer Science', 'Freshman', '', '', 4, 0),
(446, 'Computer Science', 'Freshman', '', '', 4, 0),
(447, 'Computer Science', 'Freshman', '', '', 4, 0),
(448, 'Computer Science', 'Freshman', '', '', 4, 0),
(449, 'Computer Science', 'Freshman', '', '', 4, 0),
(450, 'Computer Science', 'Freshman', '', '', 4, 0),
(451, 'Computer Science', 'Freshman', '', '', 4, 0),
(452, 'Computer Science', 'Freshman', '', '', 40, 0),
(453, 'Computer Science', 'Freshman', '', '', 40, 0),
(454, 'Computer Science', 'Freshman', '', '', 1104, 0),
(455, 'Computer Science', 'Freshman', '', '', 40, 0),
(456, 'Computer Science', 'F', '', '', 40, 0),
(457, 'Computer Science', 'Freshman', '', '', 45, 0),
(458, 'Computer Science', 'Freshman', '', '', 61, 0),
(459, 'Computer Science', 'Freshman', '', '', 40, 0),
(460, 'Computer Science', 'Freshman', '', '', 41, 0),
(461, 'Computer Science', 'Freshman', '', '', 40, 0),
(462, 'Computer Science', 'Freshman', '', '', 40, 0),
(463, 'Computer Science', 'Freshman', '', '', 41, 0),
(464, 'Computer Science', 'Freshman', '', '', 115, 0),
(465, 'Computer Science', 'Freshman', '', '', 40, 0),
(466, 'Computer Science', 'Freshman', '', '', 56, 0),
(467, 'Computer Science', 'Freshman', '', '', 40, 0),
(468, 'Computer Science', 'Freshman', '', '', 40, 0),
(469, 'Computer Science', 'Freshman', '', '', 4, 0),
(470, 'Computer Science', 'Freshman', '', '', 4, 0),
(471, 'Computer Science', 'Freshman', '', '', 0, 0),
(472, 'Computer Science', 'Freshman', '', '', 18, 0),
(473, 'Computer Science', 'Freshman', '', '', 12, 0),
(474, 'Computer Science', 'Freshman', '', '', 4, 0),
(475, 'Computer Science', 'Freshman', '', '', 13, 0),
(476, 'Computer Science', 'Sophomore', '', '', 40, 0),
(477, 'Mathematics', 'Freshman', '', '', 0, 0),
(478, 'Mathematics', 'Freshman', '', '', 4, 0),
(479, 'Mathematics', 'Freshman', '', '', 4, 0),
(480, 'Mathematics', 'Freshman', '', '', 3, 0),
(481, 'Mathematics', 'Freshman', '', '', 4, 0),
(482, 'Mathematics', 'Freshman', '', '', 4, 0),
(483, 'Mathematics', 'Freshman', '', '', 4, 0),
(484, 'Computer Science', 'Freshman', '', '', 4, 0),
(485, 'Computer Science', 'Freshman', '', '', 4, 0),
(486, 'Computer Science', 'Freshman', '', '', 4, 0),
(487, 'Computer Science', 'Freshman', '', '', 4, 0),
(488, 'NULL', 'NULL', '', '', 5, 0),
(489, 'NULL', 'NULL', '', '', 3, 0),
(490, 'NULL', 'NULL', '', '', 4, 0),
(491, 'NULL', 'NULL', '', '', 4, 0),
(492, 'NULL', 'NULL', '', '', 4, 0),
(493, 'NULL', 'NULL', '', '', 4, 0),
(494, 'NULL', 'NULL', '', '', 4, 0),
(495, 'Computer Science', 'Freshman', '', '', 4, 140),
(496, 'Computer Science', 'Freshman', '', '', 4, 140),
(497, 'Computer Science', 'Freshman', '', '', 4, 140),
(498, 'Computer Science', 'Freshman', '', '', 4, 140),
(499, 'Computer Science', 'Freshman', '', '', 4, 140),
(500, 'Computer Science', 'Freshman', '', '', 4, 140),
(501, 'Computer Science', 'Freshman', '', '', 4, 140),
(502, 'Computer Science', '', '', '', 4, 140),
(503, 'Computer Science', 'Freshman', '', '', 4, 140),
(504, 'Computer Science', 'Freshman', '', '', 4, 140),
(505, 'Physics', 'Freshman', '', '', 4, 133),
(506, 'Physics', 'Freshman', '', '', 4, 133),
(507, 'Computer Science', 'Freshman', '', '', 4, 140),
(508, 'Computer Science', 'Freshman', '', '', 4, 140),
(509, 'Computer Science', 'Freshman', '', '', 4, 140),
(510, 'Computer Science', 'Freshman', '', '', 4, 140),
(511, 'Physics', 'Freshman', '', '', 4, 133),
(512, 'Computer Science', 'Freshman', '', '', 4, 140),
(513, 'Computer Science', 'Freshman', '', '', 4, 140),
(514, 'Computer Science', 'Freshman', '', '', 4, 140),
(515, 'Computer Science', 'Freshman', '', '', 7, 140),
(516, 'Computer Science', 'Freshman', '', '', 1, 140),
(517, 'Computer Science', 'Freshman', '', '', 4, 140),
(518, 'Computer Science', 'Freshman', '', '', 4, 140),
(519, 'Computer Science', 'Freshman', '', '', 0, 140),
(520, 'Computer Science', 'Freshman', '', '', 4, 140),
(521, 'Computer Science', 'Freshman', '', '', 4, 140),
(522, 'Computer Science', 'Freshman', '', '', 4, 140),
(523, 'Computer Science', 'Freshman', '', '', 4, 140),
(524, 'Computer Science', 'Freshman', '', '', 4, 140),
(525, 'Computer Science', 'Freshman', '', '', 4, 140),
(526, 'Computer Science', 'Freshman', '', '', 4, 140),
(527, 'Computer Science', 'Freshman', '', '', 4, 140),
(528, 'Computer Science', 'Freshman', '', '', 4, 140),
(529, 'Computer Science', 'Freshman', '', '', 4, 140),
(530, 'Computer Science', 'Freshman', '', '', 4, 140),
(531, 'Computer Science', 'Freshman', '', '', 4, 140),
(532, 'Computer Science', 'Freshman', '', '', 4, 140),
(533, 'Computer Science', 'Freshman', '', '', 4, 140),
(534, 'Computer Science', 'Freshman', '', '', 4, 140),
(535, 'Computer Science', 'Freshman', '', '', 4, 140),
(536, 'Computer Science', 'Freshman', '', '', 48, 140),
(537, 'Computer Science', 'Freshman', '', '', 95, 140),
(538, 'Physics', 'Freshman', '', '', 27, 133),
(539, 'Physics', 'Freshman', '', '', 105, 133),
(540, 'Chemistry', 'Freshman', '', '', 8, 152),
(541, 'Mathematics', 'Freshman', '', '', 4, 151),
(542, 'Computer Science', 'Freshman', '', '', 4, 140),
(543, 'Computer Science', 'Freshman', '', '', 4, 140),
(544, 'Computer Science', 'Freshman', '', '', 17, 140),
(545, 'C', '', '', '', 4, 0),
(546, 'Computer Science', 'Freshman', '', '', 69, 140),
(547, 'Computer Science', 'Freshman', '', '', 51, 140),
(548, 'Computer Science', 'Freshman', '', '', 4, 140),
(549, 'Computer Science', 'Freshman', '', '', 14, 140),
(550, 'Computer Science', 'Freshman', '', '', 18, 140),
(551, 'Computer Science', 'Freshman', '', '', 45, 140),
(552, 'Economics', 'Freshman', '', '', 54, 141),
(553, 'Computer Science', 'Freshman', '', '', 20, 140),
(554, 'Cognitive Science', 'Freshman', '', '', 4, 157),
(555, 'Electrical Engineering', 'Freshman', '', '', 11, 0),
(556, 'Economics', 'Freshman', '', '', 5, 141),
(557, 'Economicss', 'Freshman', '', '', 4, 0),
(558, 'Economics', 'Freshman', '', '', 7, 141),
(559, 'Computer Science', 'Freshman', '', '', 6, 140),
(560, 'Computer Science', 'Freshman', '', '', 4, 140),
(561, 'Computer Science', 'Freshman', '', '', 4, 140),
(562, 'Computer Science', 'Freshman', '', '', 5, 140),
(563, 'Computer Science', 'Freshman', '', '', 4, 140),
(564, 'Computer Science', 'Freshman', '', '', 3, 140),
(565, 'Computer Science', 'Freshman', '', '', 5, 140),
(566, 'Computer Science', 'Freshman', '', '', 4, 140),
(567, 'Computer Science', 'Freshman', '', '', 4, 140),
(568, 'Computer Science', 'Freshman', '', '', 3, 140),
(569, 'Computer Science', 'Freshman', '', '', 4, 140),
(570, 'Computer Science', 'Freshman', '', '', 4, 140),
(571, 'Computer Science', 'Freshman', '', '', 4, 140),
(572, 'Computer Science', 'Freshman', '', '', 4, 140),
(573, 'Computer Science', 'Freshman', '', '', 4, 140),
(574, 'c', '', '', '', 4, 0),
(575, 'Computer Science', 'Freshman', '', '', 4, 140),
(576, 'Computer Science', 'Sophomore', '', '', 4, 140),
(577, 'Computer Science', 'Freshman', '', '', 5, 140),
(578, 'Computer Science', 'Freshman', '', '', 4, 140),
(579, 'Computer Science', 'Freshman', '', '', 4, 140),
(580, 'Computer Science', '', '', '', 8, 140),
(581, 'Computer Science', 'Freshman', '', '', 0, 140),
(582, 'Computer Science', '', '', '', 4, 140),
(583, 'Computer Science', 'Freshman', '', '', 4, 140),
(584, 'Computer Science', 'Freshman', '', '', 4, 140),
(585, 'Computer Science', 'Freshman', '', '', 4, 140),
(586, 'Computer Science', 'Freshman', '', '', 4, 140),
(587, 'Computer Science', 'Freshman', '', '', 4, 140),
(588, 'Computer Science', 'Freshman', '', '', 4, 140),
(589, 'Computer Science', 'Freshman', '', '', 4, 140),
(590, 'Computer Science', 'Freshman', '', '', 4, 140),
(591, 'Computer Science', 'Freshman', '', '', 4, 140),
(592, 'Computer Science', 'Freshman', '', '', 4, 140),
(593, '140', 'Freshman', '', '', 5, 0),
(594, 'Physics', 'Freshman', '', '', 4, 133),
(595, 'Civil', 'Freshman', '', '', 4, 0),
(596, 'Architecture', 'Freshman', '', '', 4, 137),
(597, 'Computer', 'Freshman', '', '', 4, 0),
(598, 'Computer Science', 'Freshman', '', '', 4, 140),
(599, 'Physics', 'Freshman', '', '', 4, 133),
(600, 'Physics', 'Senior', '', '', 4, 133),
(601, 'Physics', 'Freshman', '', '', 4, 133),
(602, 'Civil Engineering', 'Freshman', '', '', 23, 134),
(603, 'Physics', 'Freshman', '', '', 4, 133),
(604, 'Physics', 'Freshman', '', '', 5, 133),
(605, 'Physics', 'Freshman', '', '', 5, 133),
(606, 'Physics', 'Freshman', '', '', 4, 133),
(607, 'Physics', 'Freshman', '', '', 4, 133),
(608, 'Physics', 'Freshman', '', '', 4, 133),
(609, 'Physics', 'Freshman', '', '', 4, 133),
(610, 'Physics', 'Freshman', '', '', 4, 133),
(611, 'Physics', 'Freshman', '', '', 4, 133),
(612, 'Physics', 'Freshman', '', '', 4, 133),
(613, 'Physics', 'Freshman', '', '', 3, 0),
(614, 'Physics', 'Freshman', '', '', 4, 0),
(615, 'Computer Science', 'Freshman', '', '', 18, 0),
(616, 'Computer Science', 'Freshman', '', '', 9, 0),
(617, 'Computer Science', 'Freshman', '', '', 12, 0);

-- --------------------------------------------------------

--
-- Table structure for table `Year`
--

CREATE TABLE IF NOT EXISTS `Year` (
  `id` int(11) NOT NULL,
  `name` varchar(45) NOT NULL
) ENGINE=InnoDB AUTO_INCREMENT=5 DEFAULT CHARSET=latin1;

--
-- Dumping data for table `Year`
--

INSERT INTO `Year` (`id`, `name`) VALUES
(1, 'Freshman'),
(2, 'Sophomore'),
(3, 'Junior'),
(4, 'Senior');

-- --------------------------------------------------------

--
-- Stand-in structure for view `usercourses`
--
CREATE TABLE IF NOT EXISTS `usercourses` (
`session_id` int(11)
,`count(*)` bigint(21)
);

-- --------------------------------------------------------

--
-- Structure for view `usercourses`
--
DROP TABLE IF EXISTS `usercourses`;

CREATE ALGORITHM=UNDEFINED DEFINER=`root`@`localhost` SQL SECURITY DEFINER VIEW `usercourses` AS select `action`.`session_id` AS `session_id`,count(0) AS `count(*)` from `action` group by `action`.`session_id` order by count(0) desc;

--
-- Indexes for dumped tables
--

--
-- Indexes for table `Action`
--
ALTER TABLE `Action`
  ADD PRIMARY KEY (`id`);

--
-- Indexes for table `Courses`
--
ALTER TABLE `Courses`
  ADD PRIMARY KEY (`id`);

--
-- Indexes for table `Departments`
--
ALTER TABLE `Departments`
  ADD PRIMARY KEY (`id`);

--
-- Indexes for table `Session`
--
ALTER TABLE `Session`
  ADD PRIMARY KEY (`id`),
  ADD UNIQUE KEY `id` (`id`);

--
-- Indexes for table `Year`
--
ALTER TABLE `Year`
  ADD PRIMARY KEY (`id`);

--
-- AUTO_INCREMENT for dumped tables
--

--
-- AUTO_INCREMENT for table `Action`
--
ALTER TABLE `Action`
  MODIFY `id` int(11) NOT NULL AUTO_INCREMENT,AUTO_INCREMENT=587;
--
-- AUTO_INCREMENT for table `Courses`
--
ALTER TABLE `Courses`
  MODIFY `id` int(11) NOT NULL AUTO_INCREMENT,AUTO_INCREMENT=36735;
--
-- AUTO_INCREMENT for table `Session`
--
ALTER TABLE `Session`
  MODIFY `id` int(11) NOT NULL AUTO_INCREMENT,AUTO_INCREMENT=618;
--
-- AUTO_INCREMENT for table `Year`
--
ALTER TABLE `Year`
  MODIFY `id` int(11) NOT NULL AUTO_INCREMENT,AUTO_INCREMENT=5;--
-- Database: `test`
--

/*!40101 SET CHARACTER_SET_CLIENT=@OLD_CHARACTER_SET_CLIENT */;
/*!40101 SET CHARACTER_SET_RESULTS=@OLD_CHARACTER_SET_RESULTS */;
/*!40101 SET COLLATION_CONNECTION=@OLD_COLLATION_CONNECTION */;
